{"version":2,"hash":{"type":"Buffer","data":"CgMUpYApBHn4fHsElAvwWNWAQ2xAneMpqjIZ/NDe4MvIj0ILw2un1M3ct2NlkhVVX3h/tempDolcOf52Jx41uIC4wzOR5y3NVMJ2VaA3qVrrQseAOX/0CY4JzsaEUV6a8izjOX6M9/vDUKLZFIT98be02Y+NnFpq4qWal9ZbolY="},"indexValueMap":{"50iG2pue+IKwshOS98KAxnOpxbCQRVPJdJvW/FhL62k=":{"valueMac":{"type":"Buffer","data":"gIx0esRLAVLoPc6vS6iq4Lt/gg9/Z65BdzMRu9xTqGI="}},"rY+/jsNSS8A2Lq7qa5CsGjdr8ESuVDoh+5Wj3PzwHsc=":{"valueMac":{"type":"Buffer","data":"jZ8GhegcYRYHknegq0R98PqD8lcZUK3vUAx9Psr1S5o="}},"Z2KFm3SXu/78XdYylHUZGK+6ZXniIsIfUYyOrjIISeU=":{"valueMac":{"type":"Buffer","data":"wolOo3h9u3OzA+tX3r8DsyWQhhyq3CX7/oL3NpUWDGc="}},"CQHVYynwpIxusenGvaAdk4gQRtQlMfS1RTCACuitxK0=":{"valueMac":{"type":"Buffer","data":"OVtnnHmqePaaEckkD8zTNDotGwJNs+BtBB1FDZdFjEY="}},"GFtM+/9gpnwHHzVdCclcBoTt4SVRAG7JgPxL+zm0I54=":{"valueMac":{"type":"Buffer","data":"sTrhONyuI2b8+cvpCJK7b7dM0gFE6WkZVmrrXGe2New="}},"kNSmbR4v1msq3I4rbMxCVviHMe2N0a/WRqIj6swDWJ0=":{"valueMac":{"type":"Buffer","data":"FRxUWnKSQjxq6DRYohcONCBnq3cKaFhASB9s/I6V2Mg="}},"XWCgtIlLfryDfx+MbUYOMVw6kLOz0r2AopIXRPB6zCQ=":{"valueMac":{"type":"Buffer","data":"aK/fLaOtQO7vpMohpl4YgSbV7jvO7Vtr0TWPQ7Q4864="}},"fhq+02UWDpmYE7fLX7MZGSj3MacUdIog6SljWFY+/Ew=":{"valueMac":{"type":"Buffer","data":"TCKPjy5Yo5CenR6reh7+WLn+GcJrs/qpkLIWxqb5w2M="}},"8iQYLlXARlSETo06qKtXIiK6KEG4kBLJbU52dQTrLSw=":{"valueMac":{"type":"Buffer","data":"rGw3fjNllYZJbWDWb9ALPHDvgBm0pq8RKDCwcKg8gZI="}}}}