{"noiseKey":{"private":{"type":"Buffer","data":"UAK8+dD2MDHAedccPoBd4Myq7yf2aQaxw0X6NkkzBG8="},"public":{"type":"Buffer","data":"Dx3boMaspFEu6YQoH7j+xwwXC292Juw39BUBeg7ZASo="}},"signedIdentityKey":{"private":{"type":"Buffer","data":"WJAORWx2NFMcUu18AlpE9JCcViiW/lOTIowHobYgCW0="},"public":{"type":"Buffer","data":"DJ75yyq9EL7jrsAzdSdOT0HVWdTYo7vFnaGM3/wuLUw="}},"signedPreKey":{"keyPair":{"private":{"type":"Buffer","data":"mLvs26hBApEyTFaKUCuiilA5oAUTt/NH057gJkI2pH0="},"public":{"type":"Buffer","data":"IF1zMOgFRSjiILPXjCYejYmmFBbt2n1JlZbhmLn29Ro="}},"signature":{"type":"Buffer","data":"gPGeVrT/Z6C7Xk6b0joqQVWVLJt/imniXkSeSyXL8et9rPuKEjy7IMlkDrtJgfosRI4M4TrsbiMxrle1KiXqDQ=="},"keyId":1},"registrationId":19,"advSecretKey":"0ng2QAwKIVq6ELH7qLdRD5lpZ/pABGKMb2ZOUFYSPnQ=","processedHistoryMessages":[{"key":{"remoteJid":"6288985498811@s.whatsapp.net","fromMe":true,"id":"23186E1FE45105A3430AE7B92B294976"},"messageTimestamp":1689911798},{"key":{"remoteJid":"6288985498811@s.whatsapp.net","fromMe":true,"id":"7A6A666744B8EB03A939BC638F083E78"},"messageTimestamp":1689911799},{"key":{"remoteJid":"6288985498811@s.whatsapp.net","fromMe":true,"id":"422BF06256D729C7F738FD3216AB5420"},"messageTimestamp":1689911805},{"key":{"remoteJid":"6288985498811@s.whatsapp.net","fromMe":true,"id":"ACD6890569AD00C39E0CA5575B937CB0"},"messageTimestamp":1689911805}],"nextPreKeyId":31,"firstUnuploadedPreKeyId":31,"accountSyncCounter":1,"accountSettings":{"unarchiveChats":false},"account":{"details":"CIbhkzMQ7YPopQYYAQ==","accountSignatureKey":"8K8MoAldPlE4fZeO/jrc8NvDpR7bAyIwMqhVtAnoVn4=","accountSignature":"gGigAqe10xbhszfNJdiSTKImDFA6GsDWwHkYfK8F/EIPx+/G7ZGqKU+TSIuF1aEd79hrSDC6B6pn+U6idC2XDg==","deviceSignature":"CXpC7GCpdpNmUpVWHAvQBhFgLH1pYE58rniPBc0JHPzFmKI0yO6nX2eAEaprwalqn+veIN7jwmyJ5x+XvsMwDQ=="},"me":{"id":"6288985498811:1@s.whatsapp.net","name":"FBN BOT","jid":"6288985498811@s.whatsapp.net"},"signalIdentities":[{"identifier":{"name":"6288985498811:1@s.whatsapp.net","deviceId":0},"identifierKey":{"type":"Buffer","data":"BfCvDKAJXT5ROH2Xjv463PDbw6Ue2wMiMDKoVbQJ6FZ+"}}],"platform":"smba","lastAccountSyncTimestamp":1690353936,"myAppStateKeyId":"AAAAABj1"}