{"_sessions":{"BVjxFNKFV06MY42rNBjgw6k3HXGpkeNGqsr2s30sHqNn":{"registrationId":919857940,"currentRatchet":{"ephemeralKeyPair":{"pubKey":"BYyQ1TPFTfXAzVeJGvDYkZKC6aEMT1tNfN/v8bJ+UUtP","privKey":"WMDqolJGTFTgytbnVlxSsxUJR1IE8XTrE5FQl0DZx2c="},"lastRemoteEphemeralKey":"BT44lyoSJmNC3MoIrlh7wwi8bRClMFVKkCKtW84MGMwi","previousCounter":0,"rootKey":"NaMEWUeHfdHJNqiriL56iNbfPC3DF5JnKMwK3IkmFII="},"indexInfo":{"baseKey":"BVjxFNKFV06MY42rNBjgw6k3HXGpkeNGqsr2s30sHqNn","baseKeyType":1,"closed":1690023615569,"used":1690023613954,"created":1690023613954,"remoteIdentityKey":"BYhLLACQGt714FWLAlzZaN3cgDqs9nfTKxWNw/YJSOQi"},"_chains":{"BYyQ1TPFTfXAzVeJGvDYkZKC6aEMT1tNfN/v8bJ+UUtP":{"chainKey":{"counter":0,"key":"JDOqtrkIlN3AsZ4R/OtsTm3YZrlBKTPEFIepQNcqbGc="},"chainType":1,"messageKeys":{}}},"pendingPreKey":{"signedKeyId":2,"baseKey":"BVjxFNKFV06MY42rNBjgw6k3HXGpkeNGqsr2s30sHqNn","preKeyId":1560109}},"BSBYtSmbxHI+8qK4n0DmhN+kkiso4mTiBGt0NPDxOLgc":{"registrationId":919857940,"currentRatchet":{"ephemeralKeyPair":{"pubKey":"BV2mkNgAONdF+UODwnZ00SWv5Q5iuMrFGnieqkiAtKUr","privKey":"eCt0exQFmMqofY3OuAMF8tDQul3TN02tnhut8BUQj28="},"lastRemoteEphemeralKey":"BT44lyoSJmNC3MoIrlh7wwi8bRClMFVKkCKtW84MGMwi","previousCounter":0,"rootKey":"5b0d5ifknndEhR5/HG8BdhpZ5X3tVM0PXdQod/1JmZw="},"indexInfo":{"baseKey":"BSBYtSmbxHI+8qK4n0DmhN+kkiso4mTiBGt0NPDxOLgc","baseKeyType":1,"closed":-1,"used":1690023615535,"created":1690023615535,"remoteIdentityKey":"BYhLLACQGt714FWLAlzZaN3cgDqs9nfTKxWNw/YJSOQi"},"_chains":{"BV2mkNgAONdF+UODwnZ00SWv5Q5iuMrFGnieqkiAtKUr":{"chainKey":{"counter":0,"key":"XCTGZI5FJyKxLSt/nDUb79qU4U4RdeAZQnZJNvsRWHI="},"chainType":1,"messageKeys":{}}},"pendingPreKey":{"signedKeyId":2,"baseKey":"BSBYtSmbxHI+8qK4n0DmhN+kkiso4mTiBGt0NPDxOLgc","preKeyId":1560129}}},"version":"v1"}