{"_sessions":{"BaEueGeBnvjI9ccBQiIjzZB2ezSH312Gf1vgVw8ZJ8Rq":{"registrationId":1953407843,"currentRatchet":{"ephemeralKeyPair":{"pubKey":"BX38PrEVqCu7gbkxv7RYbeQVtaq4bRezS3RA//wgphEx","privKey":"UITTZmQlNOdNkv3ZHTYbCslsB0GqNwY0n96Py33Y4G4="},"lastRemoteEphemeralKey":"BTaoyMvUmYCnCLtd6VVTO9fkFM/X5wn5f2mldPEqHIYl","previousCounter":0,"rootKey":"lt4akEirIr/jqy9Id6jGZBvBUXil2J/YNol5HwAyTks="},"indexInfo":{"baseKey":"BaEueGeBnvjI9ccBQiIjzZB2ezSH312Gf1vgVw8ZJ8Rq","baseKeyType":1,"closed":1690023615570,"used":1690023614044,"created":1690023614044,"remoteIdentityKey":"BZhcywQTR8m4lR7gC8t+w6X88FXf3IXmc5nuITtsMyYe"},"_chains":{"BX38PrEVqCu7gbkxv7RYbeQVtaq4bRezS3RA//wgphEx":{"chainKey":{"counter":0,"key":"pw6VzLtj+WO1XWb4xVFZNGcXihGlFtn1N6U6iAHuTog="},"chainType":1,"messageKeys":{}}},"pendingPreKey":{"signedKeyId":4,"baseKey":"BaEueGeBnvjI9ccBQiIjzZB2ezSH312Gf1vgVw8ZJ8Rq","preKeyId":14485323}},"BTE8Ou4hRMyQVAYx7zo/VX29RJFHmtXjNfbYkYmAr5Ao":{"registrationId":1953407843,"currentRatchet":{"ephemeralKeyPair":{"pubKey":"BV43xiI371MaJi+8Jujl2+Z/mAwZfcRJadLr0KYT9Xpt","privKey":"AIV5TM6QSm/yTTVwkspAu5QPu/mOS9xe+zsaCBi/jFI="},"lastRemoteEphemeralKey":"BTaoyMvUmYCnCLtd6VVTO9fkFM/X5wn5f2mldPEqHIYl","previousCounter":0,"rootKey":"u+83i23P3RdHI04Q4BP9W23WucmKt0/b0+gO/55/qX4="},"indexInfo":{"baseKey":"BTE8Ou4hRMyQVAYx7zo/VX29RJFHmtXjNfbYkYmAr5Ao","baseKeyType":1,"closed":-1,"used":1690023615566,"created":1690023615566,"remoteIdentityKey":"BZhcywQTR8m4lR7gC8t+w6X88FXf3IXmc5nuITtsMyYe"},"_chains":{"BV43xiI371MaJi+8Jujl2+Z/mAwZfcRJadLr0KYT9Xpt":{"chainKey":{"counter":0,"key":"nxj82OpR7FtOj+/dQ4dEud0nFGGSXnw+1zCxlpSN/uA="},"chainType":1,"messageKeys":{}}},"pendingPreKey":{"signedKeyId":4,"baseKey":"BTE8Ou4hRMyQVAYx7zo/VX29RJFHmtXjNfbYkYmAr5Ao","preKeyId":14485832}}},"version":"v1"}