{"_sessions":{"BdJbRR/2YnGOo9ODGijS2VlhZS0Iu/ZHaciy4FeCm7gg":{"registrationId":1266919776,"currentRatchet":{"ephemeralKeyPair":{"pubKey":"BZoVO44dt7dLbKl3x90VRJGvqGIUEwDuPEJ9wb/6aigO","privKey":"SFiSVRe8r86cits5XiEp4YKAjoaSmuEkyB4qjayVOHA="},"lastRemoteEphemeralKey":"BdYgSLueUjQv4Qc9LDItUFyCu8GTQbGDTWKbco/yAdJI","previousCounter":0,"rootKey":"sJ0GWvvz8PQaL2CyOQ42rR2SI/8pUEUkz1XkVNVcAbY="},"indexInfo":{"baseKey":"BdJbRR/2YnGOo9ODGijS2VlhZS0Iu/ZHaciy4FeCm7gg","baseKeyType":1,"closed":1690023615569,"used":1690023613939,"created":1690023613939,"remoteIdentityKey":"BfBCz2h3856VWZ6hme1TUXe1Y3z53onooKnsHkzWbT8Z"},"_chains":{"BZoVO44dt7dLbKl3x90VRJGvqGIUEwDuPEJ9wb/6aigO":{"chainKey":{"counter":0,"key":"QGGCj24qbaziL40XKH6hOlqMvzRTc0EEbTEcWXYAOvE="},"chainType":1,"messageKeys":{}}},"pendingPreKey":{"signedKeyId":0,"baseKey":"BdJbRR/2YnGOo9ODGijS2VlhZS0Iu/ZHaciy4FeCm7gg","preKeyId":731175}},"BeTyFoQdeUDulcrI5sA9I8oyySJ7MevIzmAKYdt3rQ53":{"registrationId":1266919776,"currentRatchet":{"ephemeralKeyPair":{"pubKey":"BZsMbjFyVWddd63jc8IyYIY0t5O9fJ9mZARz9PpH3Q4p","privKey":"ULYsYd/mF9o1hhmHYUwKKo4Ns92JcvWz2HYC8UTL10g="},"lastRemoteEphemeralKey":"BdYgSLueUjQv4Qc9LDItUFyCu8GTQbGDTWKbco/yAdJI","previousCounter":0,"rootKey":"hvl1tPYxAtppkrX74MKHjpDP8zD5+4BgMhehZPB1umg="},"indexInfo":{"baseKey":"BeTyFoQdeUDulcrI5sA9I8oyySJ7MevIzmAKYdt3rQ53","baseKeyType":1,"closed":-1,"used":1690023615522,"created":1690023615522,"remoteIdentityKey":"BfBCz2h3856VWZ6hme1TUXe1Y3z53onooKnsHkzWbT8Z"},"_chains":{"BZsMbjFyVWddd63jc8IyYIY0t5O9fJ9mZARz9PpH3Q4p":{"chainKey":{"counter":0,"key":"Z+JXV0J104RyGe/kJum+m4Oj5obSIe0DpWjye1Qouoc="},"chainType":1,"messageKeys":{}}},"pendingPreKey":{"signedKeyId":0,"baseKey":"BeTyFoQdeUDulcrI5sA9I8oyySJ7MevIzmAKYdt3rQ53","preKeyId":731016}}},"version":"v1"}