{"_sessions":{"BUsGF9bcltMXUpf6BFed3bWQLHCAYZfefh+Ctq26ZYBk":{"registrationId":528466289,"currentRatchet":{"ephemeralKeyPair":{"pubKey":"BV9YWdUdPtEYbED0ShkDwE54Uv2/1qTnt3ShRfsoLe5j","privKey":"+JdyNBZ6H3/FWwRipMRKkw022YsC8e5e2eyA1HHBUW4="},"lastRemoteEphemeralKey":"BZy4WSEWt+49uZwTbOvWc9gEIedgHUah72efLUPE1ZtE","previousCounter":1,"rootKey":"/qbuRl44cDJ0vHoEcLu58q4DcnMLdlHdyZiYt6BUd1k="},"indexInfo":{"baseKey":"BUsGF9bcltMXUpf6BFed3bWQLHCAYZfefh+Ctq26ZYBk","baseKeyType":2,"closed":-1,"used":1690024291399,"created":1690023610528,"remoteIdentityKey":"BdgywiqJhNry97O4FUKPnjFthW8TAIg2fhB5WZdCpERP"},"_chains":{"Bbm+fOLHVAK62jLUcZpVIfXwW9Yl50XPpda2+1/xzOEn":{"chainKey":{"counter":0},"chainType":2,"messageKeys":{}},"BZy4WSEWt+49uZwTbOvWc9gEIedgHUah72efLUPE1ZtE":{"chainKey":{"counter":0,"key":"GtYClRZnu6ohHuFvKCOnBGOd7CANHlc4ESaWhOvcqoc="},"chainType":2,"messageKeys":{}},"BV9YWdUdPtEYbED0ShkDwE54Uv2/1qTnt3ShRfsoLe5j":{"chainKey":{"counter":-1,"key":"PiWxhGgcLzo2wk3xrmC6GH6iTcvhNnApC8hDQmwqQ50="},"chainType":1,"messageKeys":{}}}}},"version":"v1"}