{"_sessions":{"Bau3F9py+v89/j3gksIyBEk5VWp8XjF13p7/5hVzsokX":{"registrationId":1761283591,"currentRatchet":{"ephemeralKeyPair":{"pubKey":"BVKZw0hPKeTxl6QwDo26rFatBsiPATQHIRnFsHJyDIMz","privKey":"WAJnqy7lINDZFZ9oyVsfLVQ1boS4t7i4V4XhUuwgfkE="},"lastRemoteEphemeralKey":"BYSwwpnJ5rBJ+AIYNFu5NcpOey5NNdDVAqgb9D8AkZMP","previousCounter":0,"rootKey":"rDufbXzx8j27E/jD/7q9QaEJLBmv3UZ6KN5GIaabd8U="},"indexInfo":{"baseKey":"Bau3F9py+v89/j3gksIyBEk5VWp8XjF13p7/5hVzsokX","baseKeyType":1,"closed":1690023615569,"used":1690023613829,"created":1690023613829,"remoteIdentityKey":"BZxqbYl3AlTVgZgWf++yuTCdhQudvBgq1USwJTDV0oYZ"},"_chains":{"BVKZw0hPKeTxl6QwDo26rFatBsiPATQHIRnFsHJyDIMz":{"chainKey":{"counter":0,"key":"f3wIGl7+eRiiSjqYAy6+wRjJnZc7bxBFgxKl64zUUU8="},"chainType":1,"messageKeys":{}}},"pendingPreKey":{"signedKeyId":18,"baseKey":"Bau3F9py+v89/j3gksIyBEk5VWp8XjF13p7/5hVzsokX","preKeyId":7871654}},"BbER+3oW1OJbXAn16eiWTs+pI4/6eexKEOHh/h80CK8f":{"registrationId":1761283591,"currentRatchet":{"ephemeralKeyPair":{"pubKey":"BUXWh1sN7dj8fzFMZRpL56NdsxkVsrOGX27s2Fqfjnta","privKey":"MCaUgyQ3++rFW/60RiXyAhFEFhdKDUvae9rqlb16gXo="},"lastRemoteEphemeralKey":"BYSwwpnJ5rBJ+AIYNFu5NcpOey5NNdDVAqgb9D8AkZMP","previousCounter":0,"rootKey":"UtNJy55X+KzOutXNOfm4t/QzbOAHz71GYYy7m9dQhgU="},"indexInfo":{"baseKey":"BbER+3oW1OJbXAn16eiWTs+pI4/6eexKEOHh/h80CK8f","baseKeyType":1,"closed":-1,"used":1690023615368,"created":1690023615368,"remoteIdentityKey":"BZxqbYl3AlTVgZgWf++yuTCdhQudvBgq1USwJTDV0oYZ"},"_chains":{"BUXWh1sN7dj8fzFMZRpL56NdsxkVsrOGX27s2Fqfjnta":{"chainKey":{"counter":0,"key":"f7Wo8fJ95xhFibcFOkMF7ngKBqphdOoRRblufB2DDXA="},"chainType":1,"messageKeys":{}}},"pendingPreKey":{"signedKeyId":18,"baseKey":"BbER+3oW1OJbXAn16eiWTs+pI4/6eexKEOHh/h80CK8f","preKeyId":7871606}}},"version":"v1"}