{"_sessions":{"BZxuDTm6oyz9MMVV0L1Iv6BaY/bEBSN/YXRXRgBq2O8X":{"registrationId":841197763,"currentRatchet":{"ephemeralKeyPair":{"pubKey":"BQgWJTUiG1OC9WRBM+B/3deeyfgfLdHyw7cDVQ0NKUpW","privKey":"wAGCJU5yi3UzPISPSYbLNUUv8VQbxINwn3jM3nCIp2Y="},"lastRemoteEphemeralKey":"Bb8YZKtFNLjAMSV/rL7RV1fK6dNXdOcG1BsTLWbJunBK","previousCounter":0,"rootKey":"LwHOPpPPnmN8dEz4S5IJSm2BxiQUqr7qFYNePJSwmYI="},"indexInfo":{"baseKey":"BZxuDTm6oyz9MMVV0L1Iv6BaY/bEBSN/YXRXRgBq2O8X","baseKeyType":1,"closed":1690023615569,"used":1690023613872,"created":1690023613872,"remoteIdentityKey":"BetfsMg5RxreBDAyJMFhvM28QrQJ4XZ8T5+T7k4jnHUW"},"_chains":{"BQgWJTUiG1OC9WRBM+B/3deeyfgfLdHyw7cDVQ0NKUpW":{"chainKey":{"counter":0,"key":"Uknwk7T9SMi8/cYD2KFAWt1z3P6ai6lSHvkID7/TcOU="},"chainType":1,"messageKeys":{}}},"pendingPreKey":{"signedKeyId":2,"baseKey":"BZxuDTm6oyz9MMVV0L1Iv6BaY/bEBSN/YXRXRgBq2O8X","preKeyId":9576477}},"BfvfnZhQgzxYrUoQlNSPKGH/vuxZ54YEm+ooMe22Gchs":{"registrationId":841197763,"currentRatchet":{"ephemeralKeyPair":{"pubKey":"BdaNRQ20DsFseAk8k0yhsXYPSjMEmuX10fdNK4bjjqg5","privKey":"kOysa+yucaWX9bTOBZnBn4ySPj1j3LfSgc01MavLJH0="},"lastRemoteEphemeralKey":"Bb8YZKtFNLjAMSV/rL7RV1fK6dNXdOcG1BsTLWbJunBK","previousCounter":0,"rootKey":"8AQe5Ayrwdl/eIH/RXoK0rFlnnlQG19K/MrciKnqR5Q="},"indexInfo":{"baseKey":"BfvfnZhQgzxYrUoQlNSPKGH/vuxZ54YEm+ooMe22Gchs","baseKeyType":1,"closed":-1,"used":1690023615456,"created":1690023615456,"remoteIdentityKey":"BetfsMg5RxreBDAyJMFhvM28QrQJ4XZ8T5+T7k4jnHUW"},"_chains":{"BdaNRQ20DsFseAk8k0yhsXYPSjMEmuX10fdNK4bjjqg5":{"chainKey":{"counter":0,"key":"+EgBqOl8bxkJ+CpsEHnrkT2E478oobJBqSEJ1F/GFoI="},"chainType":1,"messageKeys":{}}},"pendingPreKey":{"signedKeyId":2,"baseKey":"BfvfnZhQgzxYrUoQlNSPKGH/vuxZ54YEm+ooMe22Gchs","preKeyId":9576472}}},"version":"v1"}