{"_sessions":{"Bfcezr8FYylt4lt2ljUpviWuvED+1BDW5NhEa40fekcy":{"registrationId":569988062,"currentRatchet":{"ephemeralKeyPair":{"pubKey":"BegVsMwNekif+mQ/zKH8CSZtQtVptfubAvhQYXP4WPkw","privKey":"UBo/SrzjGFxKmbvx7Rv0fR8HDS3rqN8L+9I/b0OZ700="},"lastRemoteEphemeralKey":"BYQTkXABib+slqbOntt+fA6MtZAOVfBj0t0XFSgZjBpz","previousCounter":1,"rootKey":"aRgywwn1GjFCramRmzxjOGZrKmBE/x57P4SdebQf4j4="},"indexInfo":{"baseKey":"Bfcezr8FYylt4lt2ljUpviWuvED+1BDW5NhEa40fekcy","baseKeyType":2,"closed":-1,"used":1690023815436,"created":1690023610150,"remoteIdentityKey":"Ber2kVJbD42bD/xJE35JmayLVSxCUTCZnf62KZ4ISRlD"},"_chains":{"BVZpnbWhK1lSHotpCArmwdHTAspg6zopwbNAj4ocqZwV":{"chainKey":{"counter":0},"chainType":2,"messageKeys":{}},"BYQTkXABib+slqbOntt+fA6MtZAOVfBj0t0XFSgZjBpz":{"chainKey":{"counter":0,"key":"3J2A21vBzENO4lKca5b8Iqx+lHq0lnP3TFsb+3rUTA4="},"chainType":2,"messageKeys":{}},"BegVsMwNekif+mQ/zKH8CSZtQtVptfubAvhQYXP4WPkw":{"chainKey":{"counter":-1,"key":"wIsUIHR+y4nny8xSKMzbFerSkpz5fH3beeFXrovmYNE="},"chainType":1,"messageKeys":{}}}}},"version":"v1"}