{"_sessions":{"BYN0MDPCUJzyOtRcSIZL3BnyfK4xnYrKNnE2wJDE1mUF":{"registrationId":948505811,"currentRatchet":{"ephemeralKeyPair":{"pubKey":"BcDeGLyHYQ7UfqQxEXmR+J+GvUGr9gXB4PEWmMN2vZht","privKey":"kKVg1OZ6crsUbm5hVxKYOVc1+juow+6tomCtla4nqUE="},"lastRemoteEphemeralKey":"Bej6G9KgpW3jN75tvnqXRGqiDzT4DbC9Mh6hN6Gbyat0","previousCounter":0,"rootKey":"QssPFh3EiQ5ySE4G+YkismKOApK0zLv3RO6zcygJVkk="},"indexInfo":{"baseKey":"BYN0MDPCUJzyOtRcSIZL3BnyfK4xnYrKNnE2wJDE1mUF","baseKeyType":1,"closed":1690023615569,"used":1690023613859,"created":1690023613859,"remoteIdentityKey":"BZAFM0iMPVbYwq2Z3oblZPbue72qiGUxdQxfTEIt1o81"},"_chains":{"BcDeGLyHYQ7UfqQxEXmR+J+GvUGr9gXB4PEWmMN2vZht":{"chainKey":{"counter":0,"key":"tBiXO0sDTHfxynLZxGCqA63sDDrGEQKp3UqQ1Kw8lqw="},"chainType":1,"messageKeys":{}}},"pendingPreKey":{"signedKeyId":3,"baseKey":"BYN0MDPCUJzyOtRcSIZL3BnyfK4xnYrKNnE2wJDE1mUF","preKeyId":10443664}},"BQZFm5mjgWewgWNB+VK8oUj+q9cwrYWYsrzIZmGnMBZ8":{"registrationId":948505811,"currentRatchet":{"ephemeralKeyPair":{"pubKey":"BQdyN5LYi/NXTi188u2p3d7wTXPqNdjUOgxv5v8mV7Vn","privKey":"KISpSdhz8tLmxiUjcYnYclU3ioM6kd/Xi2o4Gp4eI14="},"lastRemoteEphemeralKey":"Bej6G9KgpW3jN75tvnqXRGqiDzT4DbC9Mh6hN6Gbyat0","previousCounter":0,"rootKey":"/syPfF1EG3dNOHoGb2JvoWIgu7YYX/Hw8BJ92+zzBpw="},"indexInfo":{"baseKey":"BQZFm5mjgWewgWNB+VK8oUj+q9cwrYWYsrzIZmGnMBZ8","baseKeyType":1,"closed":-1,"used":1690023615446,"created":1690023615446,"remoteIdentityKey":"BZAFM0iMPVbYwq2Z3oblZPbue72qiGUxdQxfTEIt1o81"},"_chains":{"BQdyN5LYi/NXTi188u2p3d7wTXPqNdjUOgxv5v8mV7Vn":{"chainKey":{"counter":0,"key":"WBP76RbGoOKNjWfWfDYaDEGYLKzUopmsHn1yLwi0jCI="},"chainType":1,"messageKeys":{}}},"pendingPreKey":{"signedKeyId":3,"baseKey":"BQZFm5mjgWewgWNB+VK8oUj+q9cwrYWYsrzIZmGnMBZ8","preKeyId":10443687}}},"version":"v1"}