{"_sessions":{"BYFIKfT0WicrAe4i2NXwO3v49KhMx5Ox1qoDllwLIas5":{"registrationId":576864275,"currentRatchet":{"ephemeralKeyPair":{"pubKey":"BQ27A+9+ECPXHxhCAcyole/ZBzJfZDGBVeIluI4GG/YD","privKey":"YJM7INJ9jy+Cv2zVTdM2BT+lSKZ1TpNvALuQIddEnW8="},"lastRemoteEphemeralKey":"BZJW8wwaMC3ETYzQXHy3pMf11clrCl18TvuU6cQ1eHl0","previousCounter":0,"rootKey":"fTQf5SUv+DZFzaqPsZEetA4QaOzOZeaBFVTHMcuiAYg="},"indexInfo":{"baseKey":"BYFIKfT0WicrAe4i2NXwO3v49KhMx5Ox1qoDllwLIas5","baseKeyType":1,"closed":1690023615569,"used":1690023613845,"created":1690023613845,"remoteIdentityKey":"BY8uM0ozOjOVaysyM9T7X1QCFWSKn3onHilvvfpFDgdw"},"_chains":{"BQ27A+9+ECPXHxhCAcyole/ZBzJfZDGBVeIluI4GG/YD":{"chainKey":{"counter":0,"key":"nJmecWzUnGjzozMP+JexoioELlk+qOsn7sBHcfIHECg="},"chainType":1,"messageKeys":{}}},"pendingPreKey":{"signedKeyId":29,"baseKey":"BYFIKfT0WicrAe4i2NXwO3v49KhMx5Ox1qoDllwLIas5","preKeyId":3186172}},"BfgaQmfaEeCbKmEWaBj3cFfLZeiGjoEsaKrbKyRChBRX":{"registrationId":576864275,"currentRatchet":{"ephemeralKeyPair":{"pubKey":"BZS3wJrh9R/QUwm8VrofsSFoVRCtbGSRMKxc5AfxkOYO","privKey":"iK+DZYBvFFfEhv1bOQ1Cv/UYRSUSHtOCZJEzyCZ3N0Y="},"lastRemoteEphemeralKey":"BZJW8wwaMC3ETYzQXHy3pMf11clrCl18TvuU6cQ1eHl0","previousCounter":0,"rootKey":"7BSJjTRw2UbItF8eVjn3YLDg9yWYspTnKaTF+37ProM="},"indexInfo":{"baseKey":"BfgaQmfaEeCbKmEWaBj3cFfLZeiGjoEsaKrbKyRChBRX","baseKeyType":1,"closed":-1,"used":1690023615433,"created":1690023615433,"remoteIdentityKey":"BY8uM0ozOjOVaysyM9T7X1QCFWSKn3onHilvvfpFDgdw"},"_chains":{"BZS3wJrh9R/QUwm8VrofsSFoVRCtbGSRMKxc5AfxkOYO":{"chainKey":{"counter":0,"key":"AeP1gObaIBSZhn5gA9Urql23GFLgAUrYVVl9eqy5gwM="},"chainType":1,"messageKeys":{}}},"pendingPreKey":{"signedKeyId":29,"baseKey":"BfgaQmfaEeCbKmEWaBj3cFfLZeiGjoEsaKrbKyRChBRX","preKeyId":3186002}}},"version":"v1"}