{"_sessions":{"BYruH90IxfzuWCSbq8DyFZ0pfaEqhKxeC3hgQ4MJ7aoa":{"registrationId":1525086452,"currentRatchet":{"ephemeralKeyPair":{"pubKey":"BX3+2vdV6TNdJ8kqc6KxcT2gmn5TVPrhkYyOTkDL2BUG","privKey":"sDwhQ7wZz0Suawj9ARf0Oy0i1LVVAN3agkPH2jk9I20="},"lastRemoteEphemeralKey":"BZyyQ6XuiSlI57VUDnwErncmDD3R0DZThQ8ZPGhakoN6","previousCounter":0,"rootKey":"Xf+j0kg88DePOF/lFmIoX6r2ZnkUTegtmE66nu2YzGs="},"indexInfo":{"baseKey":"BYruH90IxfzuWCSbq8DyFZ0pfaEqhKxeC3hgQ4MJ7aoa","baseKeyType":1,"closed":1690023615569,"used":1690023613849,"created":1690023613849,"remoteIdentityKey":"BUKx+hgFnwKXslghZyLI90FRoF/pBDA7IPNgvkRipmJw"},"_chains":{"BX3+2vdV6TNdJ8kqc6KxcT2gmn5TVPrhkYyOTkDL2BUG":{"chainKey":{"counter":0,"key":"V4zinAtUnML6hGh4ETGtP1A5ttEfB5MddCyOOmxQSXE="},"chainType":1,"messageKeys":{}}},"pendingPreKey":{"signedKeyId":9,"baseKey":"BYruH90IxfzuWCSbq8DyFZ0pfaEqhKxeC3hgQ4MJ7aoa","preKeyId":12910822}},"BVP+zeG1X+rHTsGCWN4i8Drqa5dUYbWkV8HQ9fn+OwdH":{"registrationId":1525086452,"currentRatchet":{"ephemeralKeyPair":{"pubKey":"BcAQpOSoWfI3xTOnqhItLYyiBBhYhIMERVtZYbZ6484/","privKey":"2HXhbzzZtrHvdjBQRfqooq/IxtsQBxOqhoZIIv/L63g="},"lastRemoteEphemeralKey":"BZyyQ6XuiSlI57VUDnwErncmDD3R0DZThQ8ZPGhakoN6","previousCounter":0,"rootKey":"7SR3K89hvfGOn9gpeXavrLl7E99DrTNKixZe9i8h150="},"indexInfo":{"baseKey":"BVP+zeG1X+rHTsGCWN4i8Drqa5dUYbWkV8HQ9fn+OwdH","baseKeyType":1,"closed":-1,"used":1690023615439,"created":1690023615439,"remoteIdentityKey":"BUKx+hgFnwKXslghZyLI90FRoF/pBDA7IPNgvkRipmJw"},"_chains":{"BcAQpOSoWfI3xTOnqhItLYyiBBhYhIMERVtZYbZ6484/":{"chainKey":{"counter":0,"key":"1o16IpA+i5+Vmhq9U5WRwm7z86fhq0qZSLy1s3x1R5w="},"chainType":1,"messageKeys":{}}},"pendingPreKey":{"signedKeyId":9,"baseKey":"BVP+zeG1X+rHTsGCWN4i8Drqa5dUYbWkV8HQ9fn+OwdH","preKeyId":12910785}}},"version":"v1"}