{"_sessions":{"BbXBI771YLLbwJlaPW7aEL0/tlVVOuX881W2ZVeGL3Mn":{"registrationId":2036278227,"currentRatchet":{"ephemeralKeyPair":{"pubKey":"BWNLaRrS1GRmNa0kktOyrPgLbTEb+Opcpeh4ZrONcTkN","privKey":"OOfxgV87NLad2247ywVVf1tG6sVA2i48Fq0leScitVM="},"lastRemoteEphemeralKey":"BU1b2qDPNJ70u9LLmPK6z/j9hFjgJlOVEX4i2C+/g7Yc","previousCounter":0,"rootKey":"QI+WFfWD4icj9UM4winu10unx0pQ52INzp1E5zy42iw="},"indexInfo":{"baseKey":"BbXBI771YLLbwJlaPW7aEL0/tlVVOuX881W2ZVeGL3Mn","baseKeyType":1,"closed":1690023615569,"used":1690023613864,"created":1690023613864,"remoteIdentityKey":"BS+UpW4GB2XobcZG+tWwIhXadlmAq4NqG+/g4H+foBdH"},"_chains":{"BWNLaRrS1GRmNa0kktOyrPgLbTEb+Opcpeh4ZrONcTkN":{"chainKey":{"counter":0,"key":"FILqRLRWLVkmosdQnTGS8/n82ORojOk3Qpuy9O3+THM="},"chainType":1,"messageKeys":{}}},"pendingPreKey":{"signedKeyId":14,"baseKey":"BbXBI771YLLbwJlaPW7aEL0/tlVVOuX881W2ZVeGL3Mn","preKeyId":14906792}},"BXlEHfO265+FtgezwdHswt2DIncb29SSbYp8Xql+A4QP":{"registrationId":2036278227,"currentRatchet":{"ephemeralKeyPair":{"pubKey":"BdZKdA9KHlyo3/fQgmDpPSGGTnZxL78+4b4ZHYXnmdc4","privKey":"wDO6GDJv7m4LfA3cx5vRTNMhXRJ8k+oXx9w/qohjRHg="},"lastRemoteEphemeralKey":"BU1b2qDPNJ70u9LLmPK6z/j9hFjgJlOVEX4i2C+/g7Yc","previousCounter":0,"rootKey":"M0cicRypwug1C3pWfiKqdLd2PwPTSoxtzA/ESatMxE8="},"indexInfo":{"baseKey":"BXlEHfO265+FtgezwdHswt2DIncb29SSbYp8Xql+A4QP","baseKeyType":1,"closed":-1,"used":1690023615449,"created":1690023615449,"remoteIdentityKey":"BS+UpW4GB2XobcZG+tWwIhXadlmAq4NqG+/g4H+foBdH"},"_chains":{"BdZKdA9KHlyo3/fQgmDpPSGGTnZxL78+4b4ZHYXnmdc4":{"chainKey":{"counter":0,"key":"ebuky2sjePx4eCXxIh+xwlyiQQ/q6Qc30Az/p4aCALI="},"chainType":1,"messageKeys":{}}},"pendingPreKey":{"signedKeyId":14,"baseKey":"BXlEHfO265+FtgezwdHswt2DIncb29SSbYp8Xql+A4QP","preKeyId":14907117}}},"version":"v1"}