{"_sessions":{"BfhtyNMCL14Ea8n/+kpxfFxMgG3S7IlvmTYySkY03ARy":{"registrationId":1574760385,"currentRatchet":{"ephemeralKeyPair":{"pubKey":"BZAw4zcJOl5V7/Tky9hfZ1r6EcmWhh72B8UnNFP3VFYn","privKey":"EKEzZQHrROxLYzXwvbGg8sKTx4iFl23djwtVCjPNwFA="},"lastRemoteEphemeralKey":"BSa8G6FVCa/dqCoSAIer9QE5mVHtsrh0CVc1K9r+nuYU","previousCounter":0,"rootKey":"Ld49HEoMD4ztd8i/Wi9lP3QDkCWdOdfGiXXBMR3fW+8="},"indexInfo":{"baseKey":"BfhtyNMCL14Ea8n/+kpxfFxMgG3S7IlvmTYySkY03ARy","baseKeyType":1,"closed":1690023615570,"used":1690023614032,"created":1690023614032,"remoteIdentityKey":"BV/8pR07qHyWOT2ylh+hkeUyfK+C+NTEEue1LiMrO9In"},"_chains":{"BZAw4zcJOl5V7/Tky9hfZ1r6EcmWhh72B8UnNFP3VFYn":{"chainKey":{"counter":0,"key":"QDVzqEqZm0DZRbGjdVCGl1cQ/5MZexQdZPFORwQN8/I="},"chainType":1,"messageKeys":{}}},"pendingPreKey":{"signedKeyId":2,"baseKey":"BfhtyNMCL14Ea8n/+kpxfFxMgG3S7IlvmTYySkY03ARy","preKeyId":10284639}},"BU33b3guITASp/5+mP6GlbRbsLpsKU0C2SkK4Yb99BRZ":{"registrationId":1574760385,"currentRatchet":{"ephemeralKeyPair":{"pubKey":"Bb1Lerlbzrm1LsnOlZTBsTvA/ll4YUMmqGplumMrwwsx","privKey":"cKDpUFD0umiMU0AvkjSSRKl7rEJqyBIacHiYD4K9glo="},"lastRemoteEphemeralKey":"BSa8G6FVCa/dqCoSAIer9QE5mVHtsrh0CVc1K9r+nuYU","previousCounter":0,"rootKey":"dfqzgVdqm5sxh+/lHIv3rBHBrnH0X6OqjmYvsCIlfgM="},"indexInfo":{"baseKey":"BU33b3guITASp/5+mP6GlbRbsLpsKU0C2SkK4Yb99BRZ","baseKeyType":1,"closed":-1,"used":1690023615559,"created":1690023615559,"remoteIdentityKey":"BV/8pR07qHyWOT2ylh+hkeUyfK+C+NTEEue1LiMrO9In"},"_chains":{"Bb1Lerlbzrm1LsnOlZTBsTvA/ll4YUMmqGplumMrwwsx":{"chainKey":{"counter":0,"key":"OBC3ZpgC5ndVx3Snpfew7+uP1XumTzPxaiKdqQ/zu/I="},"chainType":1,"messageKeys":{}}},"pendingPreKey":{"signedKeyId":2,"baseKey":"BU33b3guITASp/5+mP6GlbRbsLpsKU0C2SkK4Yb99BRZ","preKeyId":10285033}}},"version":"v1"}