{"_sessions":{"BZg/YAOPyMXLuDcbdXaRP3oIRUJ0dI6fQ0oAWBuQBLZc":{"registrationId":682293260,"currentRatchet":{"ephemeralKeyPair":{"pubKey":"BQydEwOX6+cfaiIfsb6/CYmi/bYYCuJQxsQNvaEyz+E8","privKey":"kIzEFexwgZjasN2rhlajs8LLLR4gz+lhyouAWPbdL1c="},"lastRemoteEphemeralKey":"BT+2iXBxkstdx6qijWi76GjMai87VBamXELGYbA+me0n","previousCounter":0,"rootKey":"RGhoo4cpWiZHMdsVAr20v2wszmH1UgnjlEVkZEBX0CY="},"indexInfo":{"baseKey":"BZg/YAOPyMXLuDcbdXaRP3oIRUJ0dI6fQ0oAWBuQBLZc","baseKeyType":1,"closed":1690023615569,"used":1690023613930,"created":1690023613930,"remoteIdentityKey":"BcasCwKkIxmNVLf9yDAFs3Mpdj7eSokvx1JxsuKaytoh"},"_chains":{"BQydEwOX6+cfaiIfsb6/CYmi/bYYCuJQxsQNvaEyz+E8":{"chainKey":{"counter":0,"key":"bbolDFFXQ7PrxeSK9SH0W27bvN1GiSdq6o6htbdBlRY="},"chainType":1,"messageKeys":{}}},"pendingPreKey":{"signedKeyId":1,"baseKey":"BZg/YAOPyMXLuDcbdXaRP3oIRUJ0dI6fQ0oAWBuQBLZc"}},"BUvxYDvty1yA2xgYI06B//Qa7Dk2ecD3KHA5PSF0hz1t":{"registrationId":682293260,"currentRatchet":{"ephemeralKeyPair":{"pubKey":"BdyPSFNEIxUpefpJ9qHwX0c6IDxnO/AVnvJopfImGwwk","privKey":"+CqaKUI14/A/1K9AHAeQ/G+D2JfFQ8VAztGLccoaa3Y="},"lastRemoteEphemeralKey":"BT+2iXBxkstdx6qijWi76GjMai87VBamXELGYbA+me0n","previousCounter":0,"rootKey":"yGnF/Em23AP0jYZdfmBxagWE5mCXQY+WmThlu9KxC0w="},"indexInfo":{"baseKey":"BUvxYDvty1yA2xgYI06B//Qa7Dk2ecD3KHA5PSF0hz1t","baseKeyType":1,"closed":-1,"used":1690023615463,"created":1690023615463,"remoteIdentityKey":"BcasCwKkIxmNVLf9yDAFs3Mpdj7eSokvx1JxsuKaytoh"},"_chains":{"BdyPSFNEIxUpefpJ9qHwX0c6IDxnO/AVnvJopfImGwwk":{"chainKey":{"counter":0,"key":"578MpaA9agcXWOorG66EwJbY94ELjPkJ0rLjgdzSI6M="},"chainType":1,"messageKeys":{}}},"pendingPreKey":{"signedKeyId":1,"baseKey":"BUvxYDvty1yA2xgYI06B//Qa7Dk2ecD3KHA5PSF0hz1t"}}},"version":"v1"}