{"_sessions":{"BQagU4DWpzWyn5NWRiUR02al2iL10fp4fMs5Ek2e0yVH":{"registrationId":1109905425,"currentRatchet":{"ephemeralKeyPair":{"pubKey":"BQ7l6cthZqga/lI0oBV7PvQhr75heMnReBCkfXQG3nBh","privKey":"WOT59EnXz+yKA8W/MA9KgW8A39Xut4tgnXKeKluzZF4="},"lastRemoteEphemeralKey":"BRjdsCzvbpnAcFvZWlQt0q3Xrdji6tffyimzfy87mpsI","previousCounter":0,"rootKey":"RDb4MfsfOeIOvpmgllBM7LAfW17PRG+U3rUnouhXKok="},"indexInfo":{"baseKey":"BQagU4DWpzWyn5NWRiUR02al2iL10fp4fMs5Ek2e0yVH","baseKeyType":1,"closed":1690023615569,"used":1690023613835,"created":1690023613835,"remoteIdentityKey":"BX0dcRlOTN2Zq8nNnXD+rAUG4yHrf7Nsd5wcpEGEqeUU"},"_chains":{"BQ7l6cthZqga/lI0oBV7PvQhr75heMnReBCkfXQG3nBh":{"chainKey":{"counter":0,"key":"iEOHyuQ16tE29yDB7zal8ff2HxBGOmXEL2fyiLdbiJM="},"chainType":1,"messageKeys":{}}},"pendingPreKey":{"signedKeyId":1,"baseKey":"BQagU4DWpzWyn5NWRiUR02al2iL10fp4fMs5Ek2e0yVH","preKeyId":8048164}},"BckaNSGeZfFcSRhNCjxHCO73ykhTrube0dAmwBiLXoIE":{"registrationId":1109905425,"currentRatchet":{"ephemeralKeyPair":{"pubKey":"Bar9HhCG+JPuMG+7CuttSfZTut+/ss/FM6vUMl1kqBgY","privKey":"ALqpV1RJjnqewTm6XUzHlu/RaVPSOskCKsFRMvsCKWY="},"lastRemoteEphemeralKey":"BRjdsCzvbpnAcFvZWlQt0q3Xrdji6tffyimzfy87mpsI","previousCounter":0,"rootKey":"b4vEpkgmjUpUq6alO2uafaog9SCVvtNNUS+SLsiVQ54="},"indexInfo":{"baseKey":"BckaNSGeZfFcSRhNCjxHCO73ykhTrube0dAmwBiLXoIE","baseKeyType":1,"closed":-1,"used":1690023615423,"created":1690023615423,"remoteIdentityKey":"BX0dcRlOTN2Zq8nNnXD+rAUG4yHrf7Nsd5wcpEGEqeUU"},"_chains":{"Bar9HhCG+JPuMG+7CuttSfZTut+/ss/FM6vUMl1kqBgY":{"chainKey":{"counter":0,"key":"nHnevw/go1z8cBO6PHi0Dm3V7OQKFxUbXnKHmYsPG7w="},"chainType":1,"messageKeys":{}}},"pendingPreKey":{"signedKeyId":1,"baseKey":"BckaNSGeZfFcSRhNCjxHCO73ykhTrube0dAmwBiLXoIE","preKeyId":8048228}}},"version":"v1"}