{"_sessions":{"BR6MyR4Vpw/aWoCt7M6I1h5i65ZZGzxx52Y6PYyoEjVb":{"registrationId":1704,"currentRatchet":{"ephemeralKeyPair":{"pubKey":"BfoSKUhn6VyySMbd7C0GCo/ooxg+XdSHaO+QFd0Sk18G","privKey":"aLf2+4f9PEcdkgkd8792spSEOEoUAPwtxFmcj3L9Fno="},"lastRemoteEphemeralKey":"BbUzIW91un99imjbAYc/1LXUK3h/oLTfR0Jw/qWdBKIE","previousCounter":0,"rootKey":"CAWkAjolH6stWocYJwEv5Yz77nxHMfOyrhWQElGoc2M="},"indexInfo":{"baseKey":"BR6MyR4Vpw/aWoCt7M6I1h5i65ZZGzxx52Y6PYyoEjVb","baseKeyType":1,"closed":1690023615569,"used":1690023613744,"created":1690023613744,"remoteIdentityKey":"Bfp1oq3E6LIEyGN7WC10Ut0uji5dh66Zm1e0gEtnoWY/"},"_chains":{"BfoSKUhn6VyySMbd7C0GCo/ooxg+XdSHaO+QFd0Sk18G":{"chainKey":{"counter":0,"key":"ea4YLvX9Wd4xLX2rlq2RbpGMUSUX9KR8/9RF83M6tHU="},"chainType":1,"messageKeys":{}}},"pendingPreKey":{"signedKeyId":2,"baseKey":"BR6MyR4Vpw/aWoCt7M6I1h5i65ZZGzxx52Y6PYyoEjVb","preKeyId":856}},"BYtoEFvSAH6PblXG7QfMbpQD1PaqP6uCdzGE0M/g4/RG":{"registrationId":1704,"currentRatchet":{"ephemeralKeyPair":{"pubKey":"BS6NWbE31g/4wSgFiGcPgGkMg6hJGfrv7d/VNVPYR3R8","privKey":"yIqTIR8L3DfAHxT77BOLvAcJPd5qjIjYxFE4pJ9J43s="},"lastRemoteEphemeralKey":"BbUzIW91un99imjbAYc/1LXUK3h/oLTfR0Jw/qWdBKIE","previousCounter":0,"rootKey":"fIcdYHW0DMoexI2RZMjgB+XFzjrsrcPffCdb7rTvhrI="},"indexInfo":{"baseKey":"BYtoEFvSAH6PblXG7QfMbpQD1PaqP6uCdzGE0M/g4/RG","baseKeyType":1,"closed":-1,"used":1690023615345,"created":1690023615345,"remoteIdentityKey":"Bfp1oq3E6LIEyGN7WC10Ut0uji5dh66Zm1e0gEtnoWY/"},"_chains":{"BS6NWbE31g/4wSgFiGcPgGkMg6hJGfrv7d/VNVPYR3R8":{"chainKey":{"counter":0,"key":"4di4yTKhuBuNL2OoEAcUCvjSHZgf1JCXAfA4RSWS9Rs="},"chainType":1,"messageKeys":{}}},"pendingPreKey":{"signedKeyId":2,"baseKey":"BYtoEFvSAH6PblXG7QfMbpQD1PaqP6uCdzGE0M/g4/RG","preKeyId":241}}},"version":"v1"}