{"_sessions":{"Bey5wdIRXal4Rjx3QM1lxZKFT93i3qWbb636aIMnzFR/":{"registrationId":1733531793,"currentRatchet":{"ephemeralKeyPair":{"pubKey":"BaWIDu2l9XTgvHAF7/JCE3vCtlie1o4ITEapQh0H/5Iq","privKey":"uFJD+xSDz70d5AfAQMWk2O3tnoGroNtuNf0380EPp2s="},"lastRemoteEphemeralKey":"BXG6D0etgSmQ+e5NBpuVisTsJfyhIb+W1h/o9A+r0E8S","previousCounter":0,"rootKey":"45x37n3E8aX/mzq9XITtbRk7tTUkOVa9MWNtqnaNuKc="},"indexInfo":{"baseKey":"Bey5wdIRXal4Rjx3QM1lxZKFT93i3qWbb636aIMnzFR/","baseKeyType":1,"closed":1690023615569,"used":1690023613925,"created":1690023613925,"remoteIdentityKey":"BXa3ItT57AXX8UmaLkoQwdk+5d7E+G29EnNcfdSqiCIq"},"_chains":{"BaWIDu2l9XTgvHAF7/JCE3vCtlie1o4ITEapQh0H/5Iq":{"chainKey":{"counter":0,"key":"vAp5z4xNPf/bn8ZV+9QQPBwDUonZVz/Cl/JuknerRaY="},"chainType":1,"messageKeys":{}}},"pendingPreKey":{"signedKeyId":0,"baseKey":"Bey5wdIRXal4Rjx3QM1lxZKFT93i3qWbb636aIMnzFR/","preKeyId":15940350}},"BcBuwP+t4AywkjkhCRfHibldyV3/mfAWeNDfKNcQ2a1B":{"registrationId":1733531793,"currentRatchet":{"ephemeralKeyPair":{"pubKey":"Bcfaig1lPqqfaY8GcLPzZazFq6JLCOXP4yx3MTFbq7A2","privKey":"EO7ypYpUJKDeolom5elcGjv39v7vBVXbbYEWZCgFXVs="},"lastRemoteEphemeralKey":"BXXlUb/ok/opn+7qbet5jOaJkTp27QXTdWHQbyoXdW0p","previousCounter":0,"rootKey":"RZteuHDWYIGChhTPr33zXN4ejn0MAoFxz4gfaTct8EQ="},"indexInfo":{"baseKey":"BcBuwP+t4AywkjkhCRfHibldyV3/mfAWeNDfKNcQ2a1B","baseKeyType":1,"closed":-1,"used":1690353937224,"created":1690023615460,"remoteIdentityKey":"BXa3ItT57AXX8UmaLkoQwdk+5d7E+G29EnNcfdSqiCIq"},"_chains":{"BXXlUb/ok/opn+7qbet5jOaJkTp27QXTdWHQbyoXdW0p":{"chainKey":{"counter":0,"key":"MtDzmbnp13eTW9IRjrjtopXcvn1dyr1oRCxRihwHZJc="},"chainType":2,"messageKeys":{}},"Bcfaig1lPqqfaY8GcLPzZazFq6JLCOXP4yx3MTFbq7A2":{"chainKey":{"counter":-1,"key":"9SFaK+ff4aNRQSERpzw0CRlHHxIdoG1eHyCFoYRK17o="},"chainType":1,"messageKeys":{}}}}},"version":"v1"}