{"_sessions":{"BQgIweHvTojxSurfAVf4p5UOzkG8mQ7zE3JHfi1WxMU3":{"registrationId":1358363745,"currentRatchet":{"ephemeralKeyPair":{"pubKey":"BbXALGQ3o1O78sEIh0+9fJ8KBPur7RfR4xWD1umxucJp","privKey":"cBvP1vTPS1RtMrHoNTOxyZ4G4pxqc7IiJRy6HRw97UY="},"lastRemoteEphemeralKey":"BcSxDMqqaZ4t8tNpUDe3++iRT2LfJ58/XuOY/RSojmJ/","previousCounter":0,"rootKey":"zO6jKX0C/Z9mbI6a68c6ALoxTiDDzUnYubqrG+ZWKDs="},"indexInfo":{"baseKey":"BQgIweHvTojxSurfAVf4p5UOzkG8mQ7zE3JHfi1WxMU3","baseKeyType":1,"closed":1690023615569,"used":1690023613950,"created":1690023613950,"remoteIdentityKey":"BVN2+8XK1raSOjRj5Qpyvw4ttpWmEKdqiS8q/agvf1EA"},"_chains":{"BbXALGQ3o1O78sEIh0+9fJ8KBPur7RfR4xWD1umxucJp":{"chainKey":{"counter":0,"key":"yFMwo6RKq2PfHSL9SHtIktEy7oGyDgtwiy3CWTxHcHc="},"chainType":1,"messageKeys":{}}},"pendingPreKey":{"signedKeyId":34,"baseKey":"BQgIweHvTojxSurfAVf4p5UOzkG8mQ7zE3JHfi1WxMU3","preKeyId":12890011}},"BfKl6we9u4AP0rK5ppMXQRZOJFMwCpewvwbKz2mZJjZD":{"registrationId":1358363745,"currentRatchet":{"ephemeralKeyPair":{"pubKey":"BT+yQqgG+s+jJ9sdO1ykjukxucigVwq7pXjLpo++2CZL","privKey":"6I5Bqw/mJbpSgAakQtIFi3coRKkRdt2wVbITAImtXUA="},"lastRemoteEphemeralKey":"BcSxDMqqaZ4t8tNpUDe3++iRT2LfJ58/XuOY/RSojmJ/","previousCounter":0,"rootKey":"qrRD5gReTTU43qfEu5E33p0BtEhyEqemk+0EQY4ktjk="},"indexInfo":{"baseKey":"BfKl6we9u4AP0rK5ppMXQRZOJFMwCpewvwbKz2mZJjZD","baseKeyType":1,"closed":-1,"used":1690023615531,"created":1690023615531,"remoteIdentityKey":"BVN2+8XK1raSOjRj5Qpyvw4ttpWmEKdqiS8q/agvf1EA"},"_chains":{"BT+yQqgG+s+jJ9sdO1ykjukxucigVwq7pXjLpo++2CZL":{"chainKey":{"counter":0,"key":"q35cqjoBQIxYrBGXBBfQkwFpkLbtCatlIBQqWVEFpRA="},"chainType":1,"messageKeys":{}}},"pendingPreKey":{"signedKeyId":34,"baseKey":"BfKl6we9u4AP0rK5ppMXQRZOJFMwCpewvwbKz2mZJjZD","preKeyId":12889751}}},"version":"v1"}