{"_sessions":{"BdXc0HCgQUgbDvWIqcxVPVHQ+XuWb4RLh7ZaAnMFkL5H":{"registrationId":811287093,"currentRatchet":{"ephemeralKeyPair":{"pubKey":"BQKpK9UI9lY9/AR4t2G01LKIm1JCOmiIhyh0kj9gxqEB","privKey":"+OTdSWMUcAW2UcXdfix/6NriA1yClANjbe49Rm3WVlQ="},"lastRemoteEphemeralKey":"Bd3AFltSoewd/3QAIQNuohFUZmN456OhnLnDPNRSPc09","previousCounter":0,"rootKey":"9dMH9wURKVKbIMvz2P7q9ekQ0CVr/R7N/6Nm/bLrCkg="},"indexInfo":{"baseKey":"BdXc0HCgQUgbDvWIqcxVPVHQ+XuWb4RLh7ZaAnMFkL5H","baseKeyType":1,"closed":1690023615569,"used":1690023613840,"created":1690023613840,"remoteIdentityKey":"BcWnjzTywXhf14G0a+dbSZVGOE+/NMj7LuaEH9r5ensc"},"_chains":{"BQKpK9UI9lY9/AR4t2G01LKIm1JCOmiIhyh0kj9gxqEB":{"chainKey":{"counter":0,"key":"y+l8oi4UbipgvATN90ckN59gnJOFdaLbgD78bu+omhk="},"chainType":1,"messageKeys":{}}},"pendingPreKey":{"signedKeyId":14,"baseKey":"BdXc0HCgQUgbDvWIqcxVPVHQ+XuWb4RLh7ZaAnMFkL5H","preKeyId":14205038}},"BRhTpB5GdctXUUEC2OfAbx4avdVV5U8XP5id1qDHCRVg":{"registrationId":811287093,"currentRatchet":{"ephemeralKeyPair":{"pubKey":"BRigggGCaN34CvhRuyopREf7VttSZLG7rvWBEaSKGqUE","privKey":"QIxApJiCsI9bQL3yY4F55cxuFGv2tCijXUSw60UFImQ="},"lastRemoteEphemeralKey":"Bd3AFltSoewd/3QAIQNuohFUZmN456OhnLnDPNRSPc09","previousCounter":0,"rootKey":"8bTUCBe/IE2BQeAummRVhkv3yPoA1MGEJcu1zeblJ70="},"indexInfo":{"baseKey":"BRhTpB5GdctXUUEC2OfAbx4avdVV5U8XP5id1qDHCRVg","baseKeyType":1,"closed":-1,"used":1690023615428,"created":1690023615428,"remoteIdentityKey":"BcWnjzTywXhf14G0a+dbSZVGOE+/NMj7LuaEH9r5ensc"},"_chains":{"BRigggGCaN34CvhRuyopREf7VttSZLG7rvWBEaSKGqUE":{"chainKey":{"counter":0,"key":"To7GYjWy6Pm4GiSGl5udFqMk7RuZVcAEyxLjtbcLWmo="},"chainType":1,"messageKeys":{}}},"pendingPreKey":{"signedKeyId":14,"baseKey":"BRhTpB5GdctXUUEC2OfAbx4avdVV5U8XP5id1qDHCRVg","preKeyId":14205317}}},"version":"v1"}