{"_sessions":{"Be/k+Lzw3YgJd/7wBS1mNKkfgJYkP5NTmBajDfHLp+FF":{"registrationId":232971698,"currentRatchet":{"ephemeralKeyPair":{"pubKey":"BQww1j3r+IkFO9KsE2Qp0l9puekNffWTY3nXWrLSUj5U","privKey":"uE6oCTCY2AJsYu3JWdUMXdb9qjCHfuX97oBw/cdEJX8="},"lastRemoteEphemeralKey":"BTmeMxSa7UgjVt///vX3H7y0o5L+01dBS59OUsveY7tO","previousCounter":1,"rootKey":"YGsRuzD2uJp/AZPKGBa9nfK0vFcY01A9CVyyzughfMU="},"indexInfo":{"baseKey":"Be/k+Lzw3YgJd/7wBS1mNKkfgJYkP5NTmBajDfHLp+FF","baseKeyType":2,"closed":-1,"used":1690353938351,"created":1690023610245,"remoteIdentityKey":"Bf879EfuJYUJP+qKK84KhnMAOtyME6YHdHbHd8noseNy"},"_chains":{"BcmPIaIM/JExDtxYA4xvWGgleFS4+meup6et1oFUeQkg":{"chainKey":{"counter":0},"chainType":2,"messageKeys":{}},"BTmeMxSa7UgjVt///vX3H7y0o5L+01dBS59OUsveY7tO":{"chainKey":{"counter":0,"key":"braCOD8bh1s5ic61XkQFIBC7S3iktnx//MyLjZPfcsQ="},"chainType":2,"messageKeys":{}},"BQww1j3r+IkFO9KsE2Qp0l9puekNffWTY3nXWrLSUj5U":{"chainKey":{"counter":-1,"key":"AZFW190d6DYDzvHUadyaMLTiSCACOFuuIGfqBYTK2f0="},"chainType":1,"messageKeys":{}}}}},"version":"v1"}