{"_sessions":{"BRJwboJ+YCIxrqDbCkg0lqHY+zL9DWo6xZjx83dpRPNL":{"registrationId":178,"currentRatchet":{"ephemeralKeyPair":{"pubKey":"BUB2e5B8VJEqsNtSiE6hNtQJ9w/Vg69gPzjnQu925fcg","privKey":"UKg7IB32bBMmRxr1pylVtL5MtpEQ7ZbSgC+6S+DccV0="},"lastRemoteEphemeralKey":"BYSseo7X75L57G10cdMhabZTkfhCHXCJi+pioroCWFk7","previousCounter":0,"rootKey":"xH4nvD1dcZFGLM/UuE5+wO4xwWQNUmxMAScFIF7vVCM="},"indexInfo":{"baseKey":"BRJwboJ+YCIxrqDbCkg0lqHY+zL9DWo6xZjx83dpRPNL","baseKeyType":1,"closed":1690023615569,"used":1690023613732,"created":1690023613732,"remoteIdentityKey":"BazuWJkduJTWhTlEBBEFf8ZQmtDjE9WERILeRrQMtRdZ"},"_chains":{"BUB2e5B8VJEqsNtSiE6hNtQJ9w/Vg69gPzjnQu925fcg":{"chainKey":{"counter":0,"key":"ijRH9prLPDCseH032fFMcBBs0Yvp8S7dkh1rpoFg4e4="},"chainType":1,"messageKeys":{}}},"pendingPreKey":{"signedKeyId":1,"baseKey":"BRJwboJ+YCIxrqDbCkg0lqHY+zL9DWo6xZjx83dpRPNL"}},"BRWQip7twzEamp2ogOnvXKfeuCgxcPshg9tQ8cO44uEt":{"registrationId":178,"currentRatchet":{"ephemeralKeyPair":{"pubKey":"BZyF+oBspkooHkZAReBSl9vCLPVtqJUiA3EYKb32T5kc","privKey":"EFJ8mti7QSMVxrgxwkMsR2g9RjRQ/CYQ8iD7N7p5unk="},"lastRemoteEphemeralKey":"BYSseo7X75L57G10cdMhabZTkfhCHXCJi+pioroCWFk7","previousCounter":0,"rootKey":"7hRAh2w3z/Ef5uXlDrbVT5wDePatcOfkiDfWQuB14IE="},"indexInfo":{"baseKey":"BRWQip7twzEamp2ogOnvXKfeuCgxcPshg9tQ8cO44uEt","baseKeyType":1,"closed":-1,"used":1690023615336,"created":1690023615336,"remoteIdentityKey":"BazuWJkduJTWhTlEBBEFf8ZQmtDjE9WERILeRrQMtRdZ"},"_chains":{"BZyF+oBspkooHkZAReBSl9vCLPVtqJUiA3EYKb32T5kc":{"chainKey":{"counter":0,"key":"1Bq6HNrUywaAMKrCBP/Gwt44YDrzw+ANEgfzWMJVKjw="},"chainType":1,"messageKeys":{}}},"pendingPreKey":{"signedKeyId":1,"baseKey":"BRWQip7twzEamp2ogOnvXKfeuCgxcPshg9tQ8cO44uEt"}}},"version":"v1"}