{"_sessions":{"BTgx622O9JmAvAOV4nBkXLXmKeuZPBLw8iDmSlcrxMU3":{"registrationId":1827070398,"currentRatchet":{"ephemeralKeyPair":{"pubKey":"BdIr6ZLo8qcWNgezwfnlcxwvrycqHNvyyXhqQBqgt2oQ","privKey":"AHT9s0qevD85afJUJamvmcNvzghFMBKqOZBIWCHuG1E="},"lastRemoteEphemeralKey":"BXApZ3ZyvvrwoP7hgABfXmV1U8sbaigqWPd2bg0cOe8w","previousCounter":0,"rootKey":"rDrQ7f7l2SMXgPgjt6qlzU/ECCe66oAtJ5YnUyXffdI="},"indexInfo":{"baseKey":"BTgx622O9JmAvAOV4nBkXLXmKeuZPBLw8iDmSlcrxMU3","baseKeyType":2,"closed":-1,"used":1689911793990,"created":1689911793990,"remoteIdentityKey":"BfCvDKAJXT5ROH2Xjv463PDbw6Ue2wMiMDKoVbQJ6FZ+"},"_chains":{"BXApZ3ZyvvrwoP7hgABfXmV1U8sbaigqWPd2bg0cOe8w":{"chainKey":{"counter":7,"key":"0yujde28CxJ9DXJtjkPVTkC8ZHkE1vw58a/VrlBPAuw="},"chainType":2,"messageKeys":{}},"BdIr6ZLo8qcWNgezwfnlcxwvrycqHNvyyXhqQBqgt2oQ":{"chainKey":{"counter":17,"key":"sNNaAMHP/r/8zOTlvAUjK/ElCq+lO1vn3XgnL0mJxrw="},"chainType":1,"messageKeys":{}}}}},"version":"v1"}