{"_sessions":{"Be7UPpXlkmaww7gZtA4liFY63utOIbURtLxy7PaJutoV":{"registrationId":1103192189,"currentRatchet":{"ephemeralKeyPair":{"pubKey":"BXMuy5iLJaZM83Ru9xO/GSS36sMDplmkN5kqWgDxwpEE","privKey":"iCIn554PxTJWMwZ9SbBwK1CF7+Z8GKHUSGwfAo/DFHQ="},"lastRemoteEphemeralKey":"Bewy9gU0hg5N/+CTyS16fTfPOYjtiAcv6R97yqs7iLZ4","previousCounter":0,"rootKey":"m5p5QG/0exBI2hQtNUtKMPdqLdNXbdluc058XCEBcts="},"indexInfo":{"baseKey":"Be7UPpXlkmaww7gZtA4liFY63utOIbURtLxy7PaJutoV","baseKeyType":1,"closed":1690023615569,"used":1690023613854,"created":1690023613854,"remoteIdentityKey":"BUNIDDoRlqCLrm9j9BnP4Ko3O3rVkpdg3ynpvql0R/w0"},"_chains":{"BXMuy5iLJaZM83Ru9xO/GSS36sMDplmkN5kqWgDxwpEE":{"chainKey":{"counter":0,"key":"oTQ2V6cdG4AM1o6N7Tl6TracYJjh9BRb1omfpN3VfhU="},"chainType":1,"messageKeys":{}}},"pendingPreKey":{"signedKeyId":7,"baseKey":"Be7UPpXlkmaww7gZtA4liFY63utOIbURtLxy7PaJutoV","preKeyId":10110156}},"BaKk9yyKGjQCHedSO2il9Uz3N/7msmprbh6srEHyZnod":{"registrationId":1103192189,"currentRatchet":{"ephemeralKeyPair":{"pubKey":"BYWrYqo+N/FvjDLMtFJwfM0zuKA5vmDnX4bMijmn+Fdn","privKey":"OGz2mw+Fs/tw/CrNUAiHr1ClBEj4UtEVsfRgg3bJbHc="},"lastRemoteEphemeralKey":"Bewy9gU0hg5N/+CTyS16fTfPOYjtiAcv6R97yqs7iLZ4","previousCounter":0,"rootKey":"Cpl23nfWres/ET2aZjjRxXmvJ5YweiD8LlBzhSnWeX8="},"indexInfo":{"baseKey":"BaKk9yyKGjQCHedSO2il9Uz3N/7msmprbh6srEHyZnod","baseKeyType":1,"closed":-1,"used":1690023615443,"created":1690023615443,"remoteIdentityKey":"BUNIDDoRlqCLrm9j9BnP4Ko3O3rVkpdg3ynpvql0R/w0"},"_chains":{"BYWrYqo+N/FvjDLMtFJwfM0zuKA5vmDnX4bMijmn+Fdn":{"chainKey":{"counter":0,"key":"pAcZMUquwBwazaNA9vVnrvCG9nhwKghWTCE2l4ql/fU="},"chainType":1,"messageKeys":{}}},"pendingPreKey":{"signedKeyId":7,"baseKey":"BaKk9yyKGjQCHedSO2il9Uz3N/7msmprbh6srEHyZnod","preKeyId":10110327}}},"version":"v1"}