{"_sessions":{"BcrY4h5rBoIbOI3dvhkniWnSZoT69IRu75oJuZimcoR2":{"registrationId":1225615961,"currentRatchet":{"ephemeralKeyPair":{"pubKey":"BRXGy6mHhfU9J2hzH7jqNcUWummJ5v8uOGhbNLZ8Yg8C","privKey":"kA7EV6XOouDxG+XnNMGYaqOESPJvhbG9e1/1Mybvb3M="},"lastRemoteEphemeralKey":"BZxojcNgmUo890bsGATYcwFTq9XrI4fZu1oaDZ4ziVx6","previousCounter":0,"rootKey":"MqDBkyjjhOqK8D5Odd/+UJwEMoa7zCp/ZbfxTXsVwDw="},"indexInfo":{"baseKey":"BcrY4h5rBoIbOI3dvhkniWnSZoT69IRu75oJuZimcoR2","baseKeyType":1,"closed":1690023615569,"used":1690023613749,"created":1690023613749,"remoteIdentityKey":"BVScPhityiV9js1rhxTH96IE6UtMNd3sbQB7lE2M1flR"},"_chains":{"BRXGy6mHhfU9J2hzH7jqNcUWummJ5v8uOGhbNLZ8Yg8C":{"chainKey":{"counter":0,"key":"9JeJdhiY21ln7jqwKEXAhRmGZYxyhgpC4KvfP9T+/6U="},"chainType":1,"messageKeys":{}}},"pendingPreKey":{"signedKeyId":4,"baseKey":"BcrY4h5rBoIbOI3dvhkniWnSZoT69IRu75oJuZimcoR2","preKeyId":838157}},"BbsreENuMVoERbVkqmBcdV41ej+Qo4p7qCzbhajm7kwI":{"registrationId":1225615961,"currentRatchet":{"ephemeralKeyPair":{"pubKey":"Bd4Xy1nhe9CcXENMeX88Bw1hPubkasJKishrrDgRWAxB","privKey":"+NRcjqPUKv+w9+JLpHgjkOiMtNHNATQaTHRJZKSXhHM="},"lastRemoteEphemeralKey":"BZxojcNgmUo890bsGATYcwFTq9XrI4fZu1oaDZ4ziVx6","previousCounter":0,"rootKey":"fyYJacoNdYyF/3xnWcs1POi/3d6Cn5lvzpFvdC8v9pc="},"indexInfo":{"baseKey":"BbsreENuMVoERbVkqmBcdV41ej+Qo4p7qCzbhajm7kwI","baseKeyType":1,"closed":-1,"used":1690023615349,"created":1690023615349,"remoteIdentityKey":"BVScPhityiV9js1rhxTH96IE6UtMNd3sbQB7lE2M1flR"},"_chains":{"Bd4Xy1nhe9CcXENMeX88Bw1hPubkasJKishrrDgRWAxB":{"chainKey":{"counter":0,"key":"KEY/YSXLACahZo9Ii32xTV7WiPBm5xnIwyEoGG1rKmw="},"chainType":1,"messageKeys":{}}},"pendingPreKey":{"signedKeyId":4,"baseKey":"BbsreENuMVoERbVkqmBcdV41ej+Qo4p7qCzbhajm7kwI","preKeyId":838932}}},"version":"v1"}