{"_sessions":{"BcTVlS2YNLY+wkbW5cam/hkUXChLkVKpFMzgGpBs2e0X":{"registrationId":159825887,"currentRatchet":{"ephemeralKeyPair":{"pubKey":"BbsU8YqwYTbXy63rwf0F5UQpFHqrrj1OqDz5W4y31tkT","privKey":"IH3XdUx3FtUVR90FMZfsYjGnpWsW7uI4QnjItiblFEc="},"lastRemoteEphemeralKey":"BbugDvGb0dpOmXFGYH/5mfXytAELSW12PfXExh1vBhJF","previousCounter":0,"rootKey":"rnnqOILcCWE6YFTz5qbdN9enwOUZx7tOV/udWv0bbNQ="},"indexInfo":{"baseKey":"BcTVlS2YNLY+wkbW5cam/hkUXChLkVKpFMzgGpBs2e0X","baseKeyType":1,"closed":1690023615569,"used":1690023613738,"created":1690023613738,"remoteIdentityKey":"BUA0DPyDNKCvp5P+2PQ0Py55W8OpZX2++4ZB6RpDY7N+"},"_chains":{"BbsU8YqwYTbXy63rwf0F5UQpFHqrrj1OqDz5W4y31tkT":{"chainKey":{"counter":0,"key":"vWo1lrSM/Kt2L/8yYpmvZ49vqcvCJfI7LiGH9vZ0gjE="},"chainType":1,"messageKeys":{}}},"pendingPreKey":{"signedKeyId":3,"baseKey":"BcTVlS2YNLY+wkbW5cam/hkUXChLkVKpFMzgGpBs2e0X","preKeyId":9359490}},"BZkH/hyLVrrPvSnZnIhwwZwcizW+mifhEPpK/sEZqJB8":{"registrationId":159825887,"currentRatchet":{"ephemeralKeyPair":{"pubKey":"BbzwQ8Lqtw3VoXHPjkf3FtvWzbYMpRUqlPK0peRtAqB5","privKey":"oAGymrCGoTQPmR7zQXtoQswna8sAKheK7CqU8Mw4E3Q="},"lastRemoteEphemeralKey":"BbugDvGb0dpOmXFGYH/5mfXytAELSW12PfXExh1vBhJF","previousCounter":0,"rootKey":"X6vc7dCs24tkt0w3Gecz2AMCWnV9ryFmY1foy49Zw38="},"indexInfo":{"baseKey":"BZkH/hyLVrrPvSnZnIhwwZwcizW+mifhEPpK/sEZqJB8","baseKeyType":1,"closed":-1,"used":1690023615341,"created":1690023615341,"remoteIdentityKey":"BUA0DPyDNKCvp5P+2PQ0Py55W8OpZX2++4ZB6RpDY7N+"},"_chains":{"BbzwQ8Lqtw3VoXHPjkf3FtvWzbYMpRUqlPK0peRtAqB5":{"chainKey":{"counter":0,"key":"linZomucBVxAtUxQWUgsdrWD2eT4RmopzAvsn0ozZ/c="},"chainType":1,"messageKeys":{}}},"pendingPreKey":{"signedKeyId":3,"baseKey":"BZkH/hyLVrrPvSnZnIhwwZwcizW+mifhEPpK/sEZqJB8","preKeyId":9358849}}},"version":"v1"}