{"_sessions":{"BbZQa7RJ602MEkHMunvl5uY4c0QP5r88afcMAg0eujEe":{"registrationId":167,"currentRatchet":{"ephemeralKeyPair":{"pubKey":"BfaaCbmJNtusz9DqdNC6Tl3WXwz/ovl3Zb6RcWMFhgsv","privKey":"wNjmH9bcBIYbhxZrl5zfnGSO44o0p5JrJBAN4kQLnHg="},"lastRemoteEphemeralKey":"Bb3MOKMZiDYrij6ZqYRgd0fRJ3mJKmaKP4hlag3juLhJ","previousCounter":0,"rootKey":"pbqP16lXwfeI9QwlzOHEqG31950dMDFEur1V8nsxcRY="},"indexInfo":{"baseKey":"BbZQa7RJ602MEkHMunvl5uY4c0QP5r88afcMAg0eujEe","baseKeyType":1,"closed":1690023615569,"used":1690023613659,"created":1690023613659,"remoteIdentityKey":"BTb+7DomLPrmIBZHeyUY3DIaWqwzQwIfv+0bzqJe/QAB"},"_chains":{"BfaaCbmJNtusz9DqdNC6Tl3WXwz/ovl3Zb6RcWMFhgsv":{"chainKey":{"counter":0,"key":"uU6lZLLQKPYsuPCKyRSvowIMqgj/O9fILH1PxWWxxis="},"chainType":1,"messageKeys":{}}},"pendingPreKey":{"signedKeyId":1,"baseKey":"BbZQa7RJ602MEkHMunvl5uY4c0QP5r88afcMAg0eujEe","preKeyId":52}},"BbEr5HzgIJgvQjQY3zd/vkkAidzAXBs6jpyjoiW7kfof":{"registrationId":167,"currentRatchet":{"ephemeralKeyPair":{"pubKey":"BdPJHOujIVctffUc/wkn5mEk5NL0cRMksHd1AHEWVWkX","privKey":"KPl0lDZkLKR4NuRVHtH4IpCVYIEjkO37MuZBtzP7ZWU="},"lastRemoteEphemeralKey":"Bb3MOKMZiDYrij6ZqYRgd0fRJ3mJKmaKP4hlag3juLhJ","previousCounter":0,"rootKey":"BUOeuAdyUs1Z8+4gy0+mdTV7dL/DcXZCf4ry/rB+pl4="},"indexInfo":{"baseKey":"BbEr5HzgIJgvQjQY3zd/vkkAidzAXBs6jpyjoiW7kfof","baseKeyType":1,"closed":-1,"used":1690023615329,"created":1690023615329,"remoteIdentityKey":"BTb+7DomLPrmIBZHeyUY3DIaWqwzQwIfv+0bzqJe/QAB"},"_chains":{"BdPJHOujIVctffUc/wkn5mEk5NL0cRMksHd1AHEWVWkX":{"chainKey":{"counter":0,"key":"nyEMElxQWYvE3pgMX0VhCt6mFmMg4o/dMG6KckWS0LE="},"chainType":1,"messageKeys":{}}},"pendingPreKey":{"signedKeyId":1,"baseKey":"BbEr5HzgIJgvQjQY3zd/vkkAidzAXBs6jpyjoiW7kfof","preKeyId":62}}},"version":"v1"}