{"_sessions":{"BRJLrjtDXqfaaho/Gk3OcUDABNt4H26s8GSLLkCeUjs/":{"registrationId":190,"currentRatchet":{"ephemeralKeyPair":{"pubKey":"BQdFn+p6Kv4G1i2Y3+ALxQ6vQ9u9Ihnv3RFGSebgpdlk","privKey":"wC9Kr92lxroT+NLRe9gMzJhL0RMTPneEw5cPIIKt22U="},"lastRemoteEphemeralKey":"BaLAoor12uknRyQhIu2TIFib+lHqYyyzZZF3EHI59s5d","previousCounter":0,"rootKey":"nQ9pwkHMWXHTPK66gthd+2TvwzDnPFuKGhGRpN3tzVY="},"indexInfo":{"baseKey":"BRJLrjtDXqfaaho/Gk3OcUDABNt4H26s8GSLLkCeUjs/","baseKeyType":1,"closed":1690023615569,"used":1690023613728,"created":1690023613728,"remoteIdentityKey":"BfUe1+8yiMBlM7vf/CPxuoY4gisYEDy0qdsjttOT9Xp5"},"_chains":{"BQdFn+p6Kv4G1i2Y3+ALxQ6vQ9u9Ihnv3RFGSebgpdlk":{"chainKey":{"counter":0,"key":"Ijn4wp+xdtpiWUyBm9Wfla8qz8hB7qOkXKG3bPVwtU8="},"chainType":1,"messageKeys":{}}},"pendingPreKey":{"signedKeyId":1,"baseKey":"BRJLrjtDXqfaaho/Gk3OcUDABNt4H26s8GSLLkCeUjs/","preKeyId":70}},"BTvmKS8oKnMCsuWeHShgoYCNGsRaI1m7eNs+zejapvR7":{"registrationId":190,"currentRatchet":{"ephemeralKeyPair":{"pubKey":"BYpfLYKgpBxffQp7Kb+hct6fkCIk5/1Gn1INFQiM0IYW","privKey":"kMiFYhZDk40TzKSDtw03bvmBzEjM5KWDocpaB8Vy2W0="},"lastRemoteEphemeralKey":"BaLAoor12uknRyQhIu2TIFib+lHqYyyzZZF3EHI59s5d","previousCounter":0,"rootKey":"L4i2U9Zu9LjR7fwsgUIOAT3dpg55XV/9zWy0pYuInWc="},"indexInfo":{"baseKey":"BTvmKS8oKnMCsuWeHShgoYCNGsRaI1m7eNs+zejapvR7","baseKeyType":1,"closed":-1,"used":1690023615332,"created":1690023615332,"remoteIdentityKey":"BfUe1+8yiMBlM7vf/CPxuoY4gisYEDy0qdsjttOT9Xp5"},"_chains":{"BYpfLYKgpBxffQp7Kb+hct6fkCIk5/1Gn1INFQiM0IYW":{"chainKey":{"counter":0,"key":"kValgWm5O+RJn/lvwxjucEH3AAETuHDKa2Rn+tj3vpY="},"chainType":1,"messageKeys":{}}},"pendingPreKey":{"signedKeyId":1,"baseKey":"BTvmKS8oKnMCsuWeHShgoYCNGsRaI1m7eNs+zejapvR7","preKeyId":77}}},"version":"v1"}