{"_sessions":{"BZH8vpRlozlmFCvOjtMJJZOzLS72pEqnASEgX6xzj6lo":{"registrationId":1675140468,"currentRatchet":{"ephemeralKeyPair":{"pubKey":"BbnAcTzljKa+PdjLX3fqMhpB6nRuag/wN8vKqfm7mcp/","privKey":"wLthHTjfzH36MfWX7+sqN73zX1T5w1JFm0sMDkKAqnI="},"lastRemoteEphemeralKey":"BQQGhVAtyefkE9ed/RTIY+71CCMVANfK2d3+388G5adj","previousCounter":0,"rootKey":"IyItHVMnUDDZty4QvqbBgpJSRLSHulq9YUp4wjGnBIs="},"indexInfo":{"baseKey":"BZH8vpRlozlmFCvOjtMJJZOzLS72pEqnASEgX6xzj6lo","baseKeyType":1,"closed":1690023615569,"used":1690023613959,"created":1690023613959,"remoteIdentityKey":"BT6FuzSpj3gmSWG+KmuSmfywdqGsZAmmNFo9Lrx+qERu"},"_chains":{"BbnAcTzljKa+PdjLX3fqMhpB6nRuag/wN8vKqfm7mcp/":{"chainKey":{"counter":0,"key":"ZO/gFZhRL0Ek2y8AK6j07bLGP/rko7wnH/5pdaADJBk="},"chainType":1,"messageKeys":{}}},"pendingPreKey":{"signedKeyId":7,"baseKey":"BZH8vpRlozlmFCvOjtMJJZOzLS72pEqnASEgX6xzj6lo","preKeyId":10987639}},"BW4TJsulfi/YPpDgHkFGori1oo+NuWcny4NY/ezlrL0u":{"registrationId":1675140468,"currentRatchet":{"ephemeralKeyPair":{"pubKey":"BT/LV3mTd+n/rQVP5tPWrz4WEPxXE6OStv2H5W/EVEVA","privKey":"EL+b/uy+ZzGS0yLrBC7pLTwdrnWejJwDxxytQjfvens="},"lastRemoteEphemeralKey":"BQQGhVAtyefkE9ed/RTIY+71CCMVANfK2d3+388G5adj","previousCounter":0,"rootKey":"PpGHSuHM6DF7jrf5mg3wFj5x73IYodH25wGhkji+YH4="},"indexInfo":{"baseKey":"BW4TJsulfi/YPpDgHkFGori1oo+NuWcny4NY/ezlrL0u","baseKeyType":1,"closed":-1,"used":1690023615539,"created":1690023615539,"remoteIdentityKey":"BT6FuzSpj3gmSWG+KmuSmfywdqGsZAmmNFo9Lrx+qERu"},"_chains":{"BT/LV3mTd+n/rQVP5tPWrz4WEPxXE6OStv2H5W/EVEVA":{"chainKey":{"counter":0,"key":"wN9YbnZrIPy2T+PogedCEJ68G1mbncsPLUuoqcmP8bk="},"chainType":1,"messageKeys":{}}},"pendingPreKey":{"signedKeyId":7,"baseKey":"BW4TJsulfi/YPpDgHkFGori1oo+NuWcny4NY/ezlrL0u","preKeyId":10987991}}},"version":"v1"}