{"_sessions":{"BRhBqzU+TZqkI5cjTQM9Hy1wcM7IpFMAyx1xdPcP/hhs":{"registrationId":2681,"currentRatchet":{"ephemeralKeyPair":{"pubKey":"BcFRS9Am2wewna0zwu1mvynr7HD1zW4R3YcgqgeLwmBp","privKey":"sH/RcLunfHVq2rZgPaHKmJP2CM4TUgb3nsjqo4dOCmc="},"lastRemoteEphemeralKey":"BRSsAVMcqTjjsY0Af8px80si6RtteVoWbUPnRb7z4dFC","previousCounter":0,"rootKey":"cRsiXrnmaBUAwWeHuJvLjM3h9PTvOG5b8y040DmSu2I="},"indexInfo":{"baseKey":"BRhBqzU+TZqkI5cjTQM9Hy1wcM7IpFMAyx1xdPcP/hhs","baseKeyType":1,"closed":1690023615569,"used":1690023613754,"created":1690023613754,"remoteIdentityKey":"BXmVqkiV2VWIwDDtJZtr+7YVSNxNdafdhPyMwfcMBjEN"},"_chains":{"BcFRS9Am2wewna0zwu1mvynr7HD1zW4R3YcgqgeLwmBp":{"chainKey":{"counter":0,"key":"35DFfOgS3JHcbwRSuD1KfHaNoLc4QOa2HfuKQ8F/s8Q="},"chainType":1,"messageKeys":{}}},"pendingPreKey":{"signedKeyId":1,"baseKey":"BRhBqzU+TZqkI5cjTQM9Hy1wcM7IpFMAyx1xdPcP/hhs","preKeyId":80}},"Beec3KyyxVaLjFUcd4CWBqTujB5y+m4WAKVMUfCteWYs":{"registrationId":2681,"currentRatchet":{"ephemeralKeyPair":{"pubKey":"BXID/3XjHdbgPxXJ9UFfzb4NjJT7BLBOYTxd6O5sUV5M","privKey":"MDxYDgAzy35FbFLL3pCBYisMtaOoABiOysId3SyLmW8="},"lastRemoteEphemeralKey":"BRSsAVMcqTjjsY0Af8px80si6RtteVoWbUPnRb7z4dFC","previousCounter":0,"rootKey":"cFE5H9QGVh7VU28itBEytT9FN9dESl4AI0KLTBiHkpY="},"indexInfo":{"baseKey":"Beec3KyyxVaLjFUcd4CWBqTujB5y+m4WAKVMUfCteWYs","baseKeyType":1,"closed":-1,"used":1690023615353,"created":1690023615353,"remoteIdentityKey":"BXmVqkiV2VWIwDDtJZtr+7YVSNxNdafdhPyMwfcMBjEN"},"_chains":{"BXID/3XjHdbgPxXJ9UFfzb4NjJT7BLBOYTxd6O5sUV5M":{"chainKey":{"counter":0,"key":"H8iULyJaUCiGTUvEQ/OjgyeRG3TH72tP/0JHLD1qSms="},"chainType":1,"messageKeys":{}}},"pendingPreKey":{"signedKeyId":1,"baseKey":"Beec3KyyxVaLjFUcd4CWBqTujB5y+m4WAKVMUfCteWYs","preKeyId":95}}},"version":"v1"}