{"_sessions":{"BST3t+xSITf8pUVybbDr9q1H2WfwE+xxQaGW4Ckp7Slq":{"registrationId":16328,"currentRatchet":{"ephemeralKeyPair":{"pubKey":"BWYSSxj/Q957EyTwwy0TmOUQOKGu4eGuqvTFOKFiK/x/","privKey":"gJp81hxY1aBu9IAsGU32XxlKpxixzShBRZemAIYkuFc="},"lastRemoteEphemeralKey":"BS7eiEJ3gXzbruPTbYlyXRotzhf/AXrb+9QyXJD+hgpG","previousCounter":0,"rootKey":"3ukgPrLSlBrYQV8Qfblf93l6q9AckC8tFR6tiG9t3P4="},"indexInfo":{"baseKey":"BST3t+xSITf8pUVybbDr9q1H2WfwE+xxQaGW4Ckp7Slq","baseKeyType":1,"closed":1690023615569,"used":1690023613762,"created":1690023613762,"remoteIdentityKey":"Ba03+MKdP7LUrTu4t0Mk6gDy9zSBATEyUb35onUMaL08"},"_chains":{"BWYSSxj/Q957EyTwwy0TmOUQOKGu4eGuqvTFOKFiK/x/":{"chainKey":{"counter":0,"key":"dqMwaiWEkmJ/n9PAlRoXGPqJgT1eN0UlPMiXr1MhvxE="},"chainType":1,"messageKeys":{}}},"pendingPreKey":{"signedKeyId":1,"baseKey":"BST3t+xSITf8pUVybbDr9q1H2WfwE+xxQaGW4Ckp7Slq","preKeyId":95}},"BeXzAvErKII2G7idO9MSmHizUk28c4tzhKDuT9a+bi5u":{"registrationId":16328,"currentRatchet":{"ephemeralKeyPair":{"pubKey":"BV8ycR7Sof2P4EGx0+kyLK/JPjO7wY/Rlbafgdsz9aR0","privKey":"eL8TvvIYQeo8+TwTjwv1fwySxv4GIxyzy39MgwwIFXI="},"lastRemoteEphemeralKey":"BS7eiEJ3gXzbruPTbYlyXRotzhf/AXrb+9QyXJD+hgpG","previousCounter":0,"rootKey":"txagTmerou1Og4j+xfzQH/TPmCyLXmJX+jJiYGr1Uug="},"indexInfo":{"baseKey":"BeXzAvErKII2G7idO9MSmHizUk28c4tzhKDuT9a+bi5u","baseKeyType":1,"closed":-1,"used":1690023615360,"created":1690023615360,"remoteIdentityKey":"Ba03+MKdP7LUrTu4t0Mk6gDy9zSBATEyUb35onUMaL08"},"_chains":{"BV8ycR7Sof2P4EGx0+kyLK/JPjO7wY/Rlbafgdsz9aR0":{"chainKey":{"counter":0,"key":"ZNo+1pr2KWPVYkgAlKJqU16PF4BQyxxbvv36YaflO78="},"chainType":1,"messageKeys":{}}},"pendingPreKey":{"signedKeyId":1,"baseKey":"BeXzAvErKII2G7idO9MSmHizUk28c4tzhKDuT9a+bi5u","preKeyId":191}}},"version":"v1"}