{"_sessions":{"BYNDmZ/fSAhKq3Rfm6O9Jsmp7hqv7eFIf3zddHQf2Mle":{"registrationId":1679311600,"currentRatchet":{"ephemeralKeyPair":{"pubKey":"BTdBFimrCZhQXi9qy35r6reriw40DGUvYJaYJJz5jrBS","privKey":"WOqLcsIP1f11dVRl+15/bjzpVT60FaFEQ/jE2xD/D30="},"lastRemoteEphemeralKey":"BeHeHr4mRx+NSaBno3guzMyRFQluRqD8bk8x+Enp/bd6","previousCounter":0,"rootKey":"5xIsOlB/A08f2qW0YFDJ1CTgArlHKMK5LrSBNuBtVuY="},"indexInfo":{"baseKey":"BYNDmZ/fSAhKq3Rfm6O9Jsmp7hqv7eFIf3zddHQf2Mle","baseKeyType":1,"closed":1690023615570,"used":1690023614038,"created":1690023614038,"remoteIdentityKey":"BStmi2BRKLprFSiWEDvAN3uX8jFkA6ETcgGsbZw2N/xT"},"_chains":{"BTdBFimrCZhQXi9qy35r6reriw40DGUvYJaYJJz5jrBS":{"chainKey":{"counter":0,"key":"lDrBEdRv0+ugbdbHBHvsqoVU01Dh8aEtsWSePcqz674="},"chainType":1,"messageKeys":{}}},"pendingPreKey":{"signedKeyId":14844843,"baseKey":"BYNDmZ/fSAhKq3Rfm6O9Jsmp7hqv7eFIf3zddHQf2Mle","preKeyId":1568}},"BSi6wI89XX/21GjeOL8wAmnQP6Kg2fFSVsUKMDLM+IIM":{"registrationId":1679311600,"currentRatchet":{"ephemeralKeyPair":{"pubKey":"BbanvOcoANT0XPR0RW4QGJlu+3kY1gBBPlh63TvkQKlR","privKey":"wKpHcZajNzUFecxg1SpeLprEg6aP6M0kXFeWSeGEWE8="},"lastRemoteEphemeralKey":"BeHeHr4mRx+NSaBno3guzMyRFQluRqD8bk8x+Enp/bd6","previousCounter":0,"rootKey":"bNa6AzU+s6XDHEXBEh0tAO6WPsnXnGR0IQOH42okG08="},"indexInfo":{"baseKey":"BSi6wI89XX/21GjeOL8wAmnQP6Kg2fFSVsUKMDLM+IIM","baseKeyType":1,"closed":-1,"used":1690023615563,"created":1690023615563,"remoteIdentityKey":"BStmi2BRKLprFSiWEDvAN3uX8jFkA6ETcgGsbZw2N/xT"},"_chains":{"BbanvOcoANT0XPR0RW4QGJlu+3kY1gBBPlh63TvkQKlR":{"chainKey":{"counter":0,"key":"ozDTjUCOaSZKfUzDkD01P6MgSFjgtdxp9mEjx4nIE9I="},"chainType":1,"messageKeys":{}}},"pendingPreKey":{"signedKeyId":14844843,"baseKey":"BSi6wI89XX/21GjeOL8wAmnQP6Kg2fFSVsUKMDLM+IIM","preKeyId":1487}}},"version":"v1"}