{"_sessions":{"BR4dk7cm4iN6WYGs9YZNMrJQShBvLSY2QehPgzetAyEl":{"registrationId":15380,"currentRatchet":{"ephemeralKeyPair":{"pubKey":"BTNDPYnHwToeNt+6aIW1SB9pvNP/WsoW2VVPedpieTos","privKey":"aEj6zhzT2Ji7lJPN0RxSSBfhGVgasJI6KAhMMV2MKWs="},"lastRemoteEphemeralKey":"BYIRfdUpif7RI8dXAAYld89SO9XuGznf1exoj8j/cR89","previousCounter":0,"rootKey":"kmQsxsb9p8V/1oKIa4ALjS2yg8PupHRnyfVZ5nmsF+4="},"indexInfo":{"baseKey":"BR4dk7cm4iN6WYGs9YZNMrJQShBvLSY2QehPgzetAyEl","baseKeyType":1,"closed":1690023615569,"used":1690023613758,"created":1690023613758,"remoteIdentityKey":"BfLxejqnFzCLdY0twES7DW9sBZg/iYUPj21n7p24d1t7"},"_chains":{"BTNDPYnHwToeNt+6aIW1SB9pvNP/WsoW2VVPedpieTos":{"chainKey":{"counter":0,"key":"rKhE9aPIlg8og+3zbct27AKnA/4FFPOtGGOb31+rtjw="},"chainType":1,"messageKeys":{}}},"pendingPreKey":{"signedKeyId":1,"baseKey":"BR4dk7cm4iN6WYGs9YZNMrJQShBvLSY2QehPgzetAyEl"}},"BS//CZWFkF43iFAYtbqmupYdInF4flU38KM0ee/xxqQa":{"registrationId":15380,"currentRatchet":{"ephemeralKeyPair":{"pubKey":"BRqSN707oHYgYKOYQmJ2eGhnDIsMcdDMyzbXJmR50p44","privKey":"eMlSwnt3jBnr2sjtuzA7JNcjHVngjQHPcCpmyBabcUE="},"lastRemoteEphemeralKey":"BYIRfdUpif7RI8dXAAYld89SO9XuGznf1exoj8j/cR89","previousCounter":0,"rootKey":"lqC19AUz9PE/HOqbMe7d0X6yRcKbddUaF/oWjfY/zbo="},"indexInfo":{"baseKey":"BS//CZWFkF43iFAYtbqmupYdInF4flU38KM0ee/xxqQa","baseKeyType":1,"closed":-1,"used":1690023615356,"created":1690023615356,"remoteIdentityKey":"BfLxejqnFzCLdY0twES7DW9sBZg/iYUPj21n7p24d1t7"},"_chains":{"BRqSN707oHYgYKOYQmJ2eGhnDIsMcdDMyzbXJmR50p44":{"chainKey":{"counter":0,"key":"kUQWxhUz26niViGXsaCdA/qqI+2JE5Bbda42YK3mDtI="},"chainType":1,"messageKeys":{}}},"pendingPreKey":{"signedKeyId":1,"baseKey":"BS//CZWFkF43iFAYtbqmupYdInF4flU38KM0ee/xxqQa"}}},"version":"v1"}