{"_sessions":{"BSCpzVvP2Rr9BLyLIZyC3nHuNaL/biSKmmhUPhHRBT5P":{"registrationId":440230557,"currentRatchet":{"ephemeralKeyPair":{"pubKey":"BZawh8jGmP2QKyoiOxZS7E9IiAbXEAOGsr0DVFwKnAM/","privKey":"SAH/Ife9Gv6L9WnRMNrUZ0yEo2XEINWv1vbAqw5JGEM="},"lastRemoteEphemeralKey":"BaLpLrqidspmhvKOAUjLVEc2nPsvFNXN+7ObSIn+jSFu","previousCounter":0,"rootKey":"dd4HPsQpz+MfZmYqjum1OlUEe8N9EoUZLtPtno2M52Q="},"indexInfo":{"baseKey":"BSCpzVvP2Rr9BLyLIZyC3nHuNaL/biSKmmhUPhHRBT5P","baseKeyType":1,"closed":1690023615569,"used":1690023613869,"created":1690023613869,"remoteIdentityKey":"Be5B3Dv3EhG6qjre5El+mFXMD8g4JNSLGRiZ6s5B3lkx"},"_chains":{"BZawh8jGmP2QKyoiOxZS7E9IiAbXEAOGsr0DVFwKnAM/":{"chainKey":{"counter":0,"key":"NMcw5gkwgmWoHooWeDlwYe3eQ7CO4YF4M8Rpkg4uGkA="},"chainType":1,"messageKeys":{}}},"pendingPreKey":{"signedKeyId":1,"baseKey":"BSCpzVvP2Rr9BLyLIZyC3nHuNaL/biSKmmhUPhHRBT5P","preKeyId":8025827}},"BbfDwLOLooeMIyDXLaKCMPcy7ispvvcwSgo0PxAc1JhU":{"registrationId":440230557,"currentRatchet":{"ephemeralKeyPair":{"pubKey":"BaqECqOmH5sBjk2XImQccHn1YGRv2px1JeaCVIVtqWEy","privKey":"gBIwEOSE8jy3I0hkfzACoT9kNTEzZqcAwLO1tc5sOHk="},"lastRemoteEphemeralKey":"BaLpLrqidspmhvKOAUjLVEc2nPsvFNXN+7ObSIn+jSFu","previousCounter":0,"rootKey":"eFxdt7iozHGQmt5nqZIZFARlYrAMhUNnnqBwcT43ys8="},"indexInfo":{"baseKey":"BbfDwLOLooeMIyDXLaKCMPcy7ispvvcwSgo0PxAc1JhU","baseKeyType":1,"closed":-1,"used":1690023615453,"created":1690023615453,"remoteIdentityKey":"Be5B3Dv3EhG6qjre5El+mFXMD8g4JNSLGRiZ6s5B3lkx"},"_chains":{"BaqECqOmH5sBjk2XImQccHn1YGRv2px1JeaCVIVtqWEy":{"chainKey":{"counter":0,"key":"ZjbAVaT4mAr5aRvJcOMhQzITnQutc5yFhaP58yxpQos="},"chainType":1,"messageKeys":{}}},"pendingPreKey":{"signedKeyId":1,"baseKey":"BbfDwLOLooeMIyDXLaKCMPcy7ispvvcwSgo0PxAc1JhU","preKeyId":8025781}}},"version":"v1"}