{"_sessions":{"BQKviks/gIBT6i/oH2/7XJDav5Ff8UstXsgzDdGDxvls":{"registrationId":36962088,"currentRatchet":{"ephemeralKeyPair":{"pubKey":"BUUp0VYF3x0URUOYGiulv+0jXr4R96VxFIpLZ3dqbmYK","privKey":"sIDeYZsCwwP5QuJ0TyRIs4n5OVgm4ubPwMr+LTmAvXY="},"lastRemoteEphemeralKey":"Bb5wIkEEpuqmaSGkp4Gf2EKiTptx7RAc8SFrQi7mrh8c","previousCounter":0,"rootKey":"7U9xtIK8uHmR99SXTnxDiVKJY9ob5+14azZncpNO+YI="},"indexInfo":{"baseKey":"BQKviks/gIBT6i/oH2/7XJDav5Ff8UstXsgzDdGDxvls","baseKeyType":2,"closed":1690415678874,"used":1690353938922,"created":1689912824679,"remoteIdentityKey":"BcoUirgf3BJBsBfsofugoDSRWWzBr/99HXBM8deItGN/"},"_chains":{"BQq7xSphpe0Vy0Bi28Wfv7WQGTC53AoAju4G8OdYWsQd":{"chainKey":{"counter":1},"chainType":2,"messageKeys":{}},"BT8wHsRk5sBieq3vkrt+2n6rf0F/NNVnQ/aSnEBMXEh6":{"chainKey":{"counter":0},"chainType":2,"messageKeys":{}},"Ba/yiFO9uiilWRARRBoy8E9xHadaXgA/imzh3FfWWNAF":{"chainKey":{"counter":0},"chainType":2,"messageKeys":{}},"BUFmq73ecTjez0DLRLgthd8X0LVj5OS1pZjCeoiXDqMG":{"chainKey":{"counter":0},"chainType":2,"messageKeys":{}},"BdrFpVlxTjHYLvJr/y007XctnHXPite5uVtKaPJnzxgv":{"chainKey":{"counter":0},"chainType":2,"messageKeys":{}},"BT00gLsRpWoJ1Kx5TqXamVd6qTB961QdBmTetg9SRMNo":{"chainKey":{"counter":0},"chainType":2,"messageKeys":{}},"BSLkC/JP0K0scOyrSB4h+g7MlEwNB94Wo0lsNXe/z7UR":{"chainKey":{"counter":0},"chainType":2,"messageKeys":{}},"Bb5wIkEEpuqmaSGkp4Gf2EKiTptx7RAc8SFrQi7mrh8c":{"chainKey":{"counter":0,"key":"4faZZWpEP43JR+diREmNHNwhoTHkXnDYWohyDRxLz9Q="},"chainType":2,"messageKeys":{}},"BUUp0VYF3x0URUOYGiulv+0jXr4R96VxFIpLZ3dqbmYK":{"chainKey":{"counter":-1,"key":"eiBM1u9S2KYxqcd15kgzm882xFkLAazvEcpQ1bQ1rQ4="},"chainType":1,"messageKeys":{}}}},"BUBU++uNEYZR1wBC+E+Y5YBqdaehpHOWhjrvZ7TsFOQl":{"registrationId":794242536,"currentRatchet":{"ephemeralKeyPair":{"pubKey":"BV5d9vR0W00jU4Ar+9Paf8g2IUtuylJ7u+doRqJ2MplR","privKey":"qMTTxmRTM228R6rO0Y7ZKR3UbDUmP3YimlYhn5fU/2M="},"lastRemoteEphemeralKey":"Be2JQ8oHkjqFax1tq8oDRAdNAGWY18b2rbguNZS/ctpz","previousCounter":1,"rootKey":"yx1ti7LqfI7VYTrwW7xX8gwLjA11koSWtEFNQ4FAdhQ="},"indexInfo":{"baseKey":"BUBU++uNEYZR1wBC+E+Y5YBqdaehpHOWhjrvZ7TsFOQl","baseKeyType":2,"closed":-1,"used":1690415906641,"created":1690415678883,"remoteIdentityKey":"BRv2Kj9V+w811VFFpeli9yLMIQENI5QCCGOK/97CoTcT"},"_chains":{"BXwb5BRonWTSC8ukXNicZ4OauSpnsvT59Jm78HsPzXBb":{"chainKey":{"counter":0},"chainType":2,"messageKeys":{}},"BTWkIm/fvz+gG/aoURLEr45M8iwxYc/Ye/2YPn2hR79e":{"chainKey":{"counter":0},"chainType":2,"messageKeys":{}},"BYI6Y2wstB4MSjkVgpr64NhAaq/dM66W7w50LK6iUiJM":{"chainKey":{"counter":0},"chainType":2,"messageKeys":{}},"BRS28l7HKj0mZ4v6+zfIuYqGKwQa3320WSh+m+NiX1QI":{"chainKey":{"counter":0},"chainType":2,"messageKeys":{}},"BXaMyJCGP77UkIIoxCfPYqY2cDvSzBFfo3BnKqbp7iR2":{"chainKey":{"counter":0},"chainType":2,"messageKeys":{}},"Be2JQ8oHkjqFax1tq8oDRAdNAGWY18b2rbguNZS/ctpz":{"chainKey":{"counter":0,"key":"22/zhOXhEZUoXYLQdZ5kOGGvlxPdWZU7ZdRqxlYP7Ss="},"chainType":2,"messageKeys":{}},"BV5d9vR0W00jU4Ar+9Paf8g2IUtuylJ7u+doRqJ2MplR":{"chainKey":{"counter":0,"key":"WAGkqaHQIaTu+cBlu+R5BiZbhRy6qsjUINqCm8hT/9o="},"chainType":1,"messageKeys":{}}}}},"version":"v1"}