{"_sessions":{"BWnUmLI528Wo4k4u3QINRsI1mPumKis6sCXifiNUWX0F":{"registrationId":1743366742,"currentRatchet":{"ephemeralKeyPair":{"pubKey":"BZH4weSpkJlALLYSqywVwmRRqE7HDvyNKrhTJfDo4jAe","privKey":"MPCISM4GIBPfMU2apmUoRXkj4kaFKnjprDcpqysNvFc="},"lastRemoteEphemeralKey":"BY543d1MUNe9/vVIlcTRUOB0Opdjskqy5wB/hnrLbR5b","previousCounter":0,"rootKey":"UwjEPfgNJ/FMmGBPWhEBG8Dt3qHchXdVRlJ5KlkSwJ0="},"indexInfo":{"baseKey":"BWnUmLI528Wo4k4u3QINRsI1mPumKis6sCXifiNUWX0F","baseKeyType":1,"closed":1690023615569,"used":1690023613964,"created":1690023613964,"remoteIdentityKey":"BdWesXQuc5y/RWbv9xl7VBLrFxtRvPMHr1puPuejYtF2"},"_chains":{"BZH4weSpkJlALLYSqywVwmRRqE7HDvyNKrhTJfDo4jAe":{"chainKey":{"counter":0,"key":"jEHiDmBmWq573ry7SGZcpMBi8S2g6sjjgYdcq4GC514="},"chainType":1,"messageKeys":{}}},"pendingPreKey":{"signedKeyId":13,"baseKey":"BWnUmLI528Wo4k4u3QINRsI1mPumKis6sCXifiNUWX0F","preKeyId":1922382}},"BbG/WTrf1bY2xzHiyvGs9o3AcE/uJzJaUKl9wPew/kpd":{"registrationId":1743366742,"currentRatchet":{"ephemeralKeyPair":{"pubKey":"BSEbWArEzzrlvBYtzaVrCBHm5Uv3A5B/26uq6Oe351Ax","privKey":"CMp/1enwEnhSrYk5C5c4xxIquec8IeavuDTlr7pOF2Y="},"lastRemoteEphemeralKey":"BY543d1MUNe9/vVIlcTRUOB0Opdjskqy5wB/hnrLbR5b","previousCounter":0,"rootKey":"r3v1sRWy/NdVSDqzMyThWsWx0YS1lLwI7gjKRcHCg1k="},"indexInfo":{"baseKey":"BbG/WTrf1bY2xzHiyvGs9o3AcE/uJzJaUKl9wPew/kpd","baseKeyType":1,"closed":-1,"used":1690023615544,"created":1690023615544,"remoteIdentityKey":"BdWesXQuc5y/RWbv9xl7VBLrFxtRvPMHr1puPuejYtF2"},"_chains":{"BSEbWArEzzrlvBYtzaVrCBHm5Uv3A5B/26uq6Oe351Ax":{"chainKey":{"counter":0,"key":"r4kvmhq1Dq2CJiDkwX/RNuPoal5q6L4NFzsMgA/iakE="},"chainType":1,"messageKeys":{}}},"pendingPreKey":{"signedKeyId":13,"baseKey":"BbG/WTrf1bY2xzHiyvGs9o3AcE/uJzJaUKl9wPew/kpd","preKeyId":1922431}}},"version":"v1"}