{"_sessions":{"Bd5VmRquugdga3EY/XZCux0TDVNfbMwt/n+CYqXWXbME":{"registrationId":9252,"currentRatchet":{"ephemeralKeyPair":{"pubKey":"BR26k+WD0KeAHsotqyddEHhjj4j5A0R9eAMz9FCEmSJ+","privKey":"WB/cP2avv31ZN3xA8dFLSQ0KqjJ6mpkx5wZ/KzEIxks="},"lastRemoteEphemeralKey":"BWmefiswZhsgYupKte79LA9o5ZbfBTuHTqRbXRQY2GBS","previousCounter":0,"rootKey":"wDy+shVPpcLkzW6nNQAw0mlPnYZT8mst5bbnk2zqg5g="},"indexInfo":{"baseKey":"Bd5VmRquugdga3EY/XZCux0TDVNfbMwt/n+CYqXWXbME","baseKeyType":1,"closed":1690023615569,"used":1690023613823,"created":1690023613823,"remoteIdentityKey":"Bf5kG+KC9ZTK858hNfQKqC2fF1Q5Bb7ULcPpZzwf6U0C"},"_chains":{"BR26k+WD0KeAHsotqyddEHhjj4j5A0R9eAMz9FCEmSJ+":{"chainKey":{"counter":0,"key":"UrTDDtV00rjCXoH0gMdsaVpZeQrO5QnAGfU31G+XgPU="},"chainType":1,"messageKeys":{}}},"pendingPreKey":{"signedKeyId":1,"baseKey":"Bd5VmRquugdga3EY/XZCux0TDVNfbMwt/n+CYqXWXbME","preKeyId":46}},"BaoWsMR5gaYbvISdmEWmahAhrwtIZ2pnXaku/7eQCPsl":{"registrationId":9252,"currentRatchet":{"ephemeralKeyPair":{"pubKey":"BQ2jGjSBuZQ2mOQhKvTz8ez9Nje2sgTT1FDB4U6cVOlj","privKey":"8PL87IEgPIPhnnlf8Os5RJnGRDzodPjtLgVLba8rG2w="},"lastRemoteEphemeralKey":"BWmefiswZhsgYupKte79LA9o5ZbfBTuHTqRbXRQY2GBS","previousCounter":0,"rootKey":"Enk1axH3QyRjkwiL3bJzp2ig/ORA4o0z0Y5xRcbmPzg="},"indexInfo":{"baseKey":"BaoWsMR5gaYbvISdmEWmahAhrwtIZ2pnXaku/7eQCPsl","baseKeyType":1,"closed":-1,"used":1690023615364,"created":1690023615364,"remoteIdentityKey":"Bf5kG+KC9ZTK858hNfQKqC2fF1Q5Bb7ULcPpZzwf6U0C"},"_chains":{"BQ2jGjSBuZQ2mOQhKvTz8ez9Nje2sgTT1FDB4U6cVOlj":{"chainKey":{"counter":0,"key":"6mQue0RIxrVZIpxXKVhG7YEE5JmMFYm9wD+54bZxZu4="},"chainType":1,"messageKeys":{}}},"pendingPreKey":{"signedKeyId":1,"baseKey":"BaoWsMR5gaYbvISdmEWmahAhrwtIZ2pnXaku/7eQCPsl","preKeyId":152}}},"version":"v1"}