{"_sessions":{"BVlI4T8ZT6ndmPuXtjeQmXcckDrH9pNuJD3aS2wMzTQU":{"registrationId":793694097,"currentRatchet":{"ephemeralKeyPair":{"pubKey":"Bdep2jw/Qj2NRvBfZce/AHhHSkgBVzURkd4rL/wX+x4z","privKey":"6PJW8l+mBPygGfcwwfPQnHAoVQ/jZahAL/0uGDFeYlM="},"lastRemoteEphemeralKey":"BdC9H/Hm5NoewN+NME5RAuDVdgURdfeYsI06IQAp/htm","previousCounter":0,"rootKey":"yaA2H0zQhTkse7MOJxLHSsmCK/FfJeYGGL6cjiW7Snw="},"indexInfo":{"baseKey":"BVlI4T8ZT6ndmPuXtjeQmXcckDrH9pNuJD3aS2wMzTQU","baseKeyType":1,"closed":1690023615569,"used":1690023613969,"created":1690023613969,"remoteIdentityKey":"BcLS8C+89kyUXw55NmtrrGvKBq+u+UN2soy1luqW6LUW"},"_chains":{"Bdep2jw/Qj2NRvBfZce/AHhHSkgBVzURkd4rL/wX+x4z":{"chainKey":{"counter":0,"key":"y74DwPErKRwa3GkenkSiOVHmu1SX2l7VI8i6eJCZmN8="},"chainType":1,"messageKeys":{}}},"pendingPreKey":{"signedKeyId":28,"baseKey":"BVlI4T8ZT6ndmPuXtjeQmXcckDrH9pNuJD3aS2wMzTQU","preKeyId":2651279}},"BcyusmOubsKezk6yNe3DnkwJXIGXrAQqMh9br79E5zwv":{"registrationId":793694097,"currentRatchet":{"ephemeralKeyPair":{"pubKey":"BYd9b3d/2rrQZIx1UdMkz60m8UdN4kQOC2yybiRcw2Fe","privKey":"iKL15YHsQqFzLPKZcfnv3GakqMgofg2SkKwBBnQ22XQ="},"lastRemoteEphemeralKey":"BdC9H/Hm5NoewN+NME5RAuDVdgURdfeYsI06IQAp/htm","previousCounter":0,"rootKey":"xcs0l67CxD0vcoFlxlMYNJxFEkgrOgluV5eXN549McU="},"indexInfo":{"baseKey":"BcyusmOubsKezk6yNe3DnkwJXIGXrAQqMh9br79E5zwv","baseKeyType":1,"closed":-1,"used":1690023615550,"created":1690023615550,"remoteIdentityKey":"BcLS8C+89kyUXw55NmtrrGvKBq+u+UN2soy1luqW6LUW"},"_chains":{"BYd9b3d/2rrQZIx1UdMkz60m8UdN4kQOC2yybiRcw2Fe":{"chainKey":{"counter":0,"key":"wzHmGObBApKwcNKLf5RptyLbHyM8Cj5xM1GwQWLB9Lk="},"chainType":1,"messageKeys":{}}},"pendingPreKey":{"signedKeyId":28,"baseKey":"BcyusmOubsKezk6yNe3DnkwJXIGXrAQqMh9br79E5zwv","preKeyId":2651253}}},"version":"v1"}