{"_sessions":{"BQo3QfDoW9HnvHSCe8vT3TlZ+ENM/jTg5F0yfSuV8YhK":{"registrationId":1771365576,"currentRatchet":{"ephemeralKeyPair":{"pubKey":"BaCbDifcFH59ljJWAa9JAqDRxHit47YkxAOySPyjX1RN","privKey":"QADxs1OUI2qciF3cujkVIuV+K0XkkURHRQxgjY8mT0Y="},"lastRemoteEphemeralKey":"Be+6BmX2iXuPBIcyuTPKJVDILnfQGTatRKurfoqOdU1a","previousCounter":0,"rootKey":"6PX0FVHQ/QExgVYCYrQrcl41HtoxYvoJChX8hWgLEYg="},"indexInfo":{"baseKey":"BQo3QfDoW9HnvHSCe8vT3TlZ+ENM/jTg5F0yfSuV8YhK","baseKeyType":2,"closed":-1,"used":1690023610095,"created":1690023610095,"remoteIdentityKey":"BZNGboeq7ZURlF9dfQZuJbFdst8Tf8VYjTAVnV08rjwY"},"_chains":{"Be+6BmX2iXuPBIcyuTPKJVDILnfQGTatRKurfoqOdU1a":{"chainKey":{"counter":1,"key":"5ibkaw0/YoLH+CJhv+0c3IJAPsPJ5fY8V045xAlXf+o="},"chainType":2,"messageKeys":{}},"BaCbDifcFH59ljJWAa9JAqDRxHit47YkxAOySPyjX1RN":{"chainKey":{"counter":1,"key":"soSQsxqPJoP6YB9AdWXHGx7jjgCqdR7lEqDNq6OKB6M="},"chainType":1,"messageKeys":{}}}}},"version":"v1"}