{"_sessions":{"BSII915o+qvYv8IiJ5MNngJ2g7aYccDfEz09zBpTjC9M":{"registrationId":983368045,"currentRatchet":{"ephemeralKeyPair":{"pubKey":"BfvmQYDQbq3n7sYWpPIYKTGpQuzFt4OYIaTphN83V/k/","privKey":"yD+oYCDpI0d8e9AIM+LNzMO46hfB7wspqd8sSPec/XQ="},"lastRemoteEphemeralKey":"BYsjiUVMuHYggiVTEzoFKaW7WM+g7+Ft6j9vs7+5Vh0m","previousCounter":0,"rootKey":"z529Zx0Xf0k48LOFIdiLv5SjySNcONTZAmMM7Iy/hZ8="},"indexInfo":{"baseKey":"BSII915o+qvYv8IiJ5MNngJ2g7aYccDfEz09zBpTjC9M","baseKeyType":1,"closed":1690023615569,"used":1690023613935,"created":1690023613935,"remoteIdentityKey":"BXFbXPmk1WI8oYlFMscC6DPdy3ZpvbkTMMC9fyyum1Eh"},"_chains":{"BfvmQYDQbq3n7sYWpPIYKTGpQuzFt4OYIaTphN83V/k/":{"chainKey":{"counter":0,"key":"ittmTg2+VmCgcXoSIUKwWdnmeB5HRj8ZbkAL972uFNw="},"chainType":1,"messageKeys":{}}},"pendingPreKey":{"signedKeyId":8,"baseKey":"BSII915o+qvYv8IiJ5MNngJ2g7aYccDfEz09zBpTjC9M","preKeyId":10693563}},"BaJda/XlQGejJLsBgws3NT3NnfGcS2ZjbdUos6uXDzo6":{"registrationId":983368045,"currentRatchet":{"ephemeralKeyPair":{"pubKey":"BWBRUvCh3kfh/aRAYxSQOGGsDXOsSuaS1417Q+as8xpK","privKey":"eBxHhEhSL87rlHcBseZEQTqFQ1AOOzVcmUaCcofQ5l8="},"lastRemoteEphemeralKey":"BYsjiUVMuHYggiVTEzoFKaW7WM+g7+Ft6j9vs7+5Vh0m","previousCounter":0,"rootKey":"SpOOe7EfRsS+sTJSfLBrfM1DHiFkJVdxuGoSxgAWcis="},"indexInfo":{"baseKey":"BaJda/XlQGejJLsBgws3NT3NnfGcS2ZjbdUos6uXDzo6","baseKeyType":1,"closed":-1,"used":1690023615467,"created":1690023615467,"remoteIdentityKey":"BXFbXPmk1WI8oYlFMscC6DPdy3ZpvbkTMMC9fyyum1Eh"},"_chains":{"BWBRUvCh3kfh/aRAYxSQOGGsDXOsSuaS1417Q+as8xpK":{"chainKey":{"counter":0,"key":"BE54grlo5ol9cAB9M21c7A9F6+5N6SlazJblBvTT09U="},"chainType":1,"messageKeys":{}}},"pendingPreKey":{"signedKeyId":8,"baseKey":"BaJda/XlQGejJLsBgws3NT3NnfGcS2ZjbdUos6uXDzo6","preKeyId":10693493}}},"version":"v1"}