{"_sessions":{"BbPuH3I2vFIZ+8MFG1b71nx0o70s8orx6aHvyBJAKOJL":{"registrationId":137402612,"currentRatchet":{"ephemeralKeyPair":{"pubKey":"BTcQH87nBfiRjUvglHRdJjOroagJEl2KRF1arw3LQPlw","privKey":"oH5ADyzVTHFFvRA8rDruK3QoLHifwhEbKWejw25R2Xc="},"lastRemoteEphemeralKey":"BUY0GfJXYTFNZUeMDOA1N6+qaqHDJFXQrjOeGUB09Skg","previousCounter":0,"rootKey":"/6dAWP0KDxriw+O8kN6ZMQ0kKV+GlmBTz9g8+umFs84="},"indexInfo":{"baseKey":"BbPuH3I2vFIZ+8MFG1b71nx0o70s8orx6aHvyBJAKOJL","baseKeyType":1,"closed":1690023615569,"used":1690023613944,"created":1690023613944,"remoteIdentityKey":"BY/n5RWztRYUkxKbO+1aVVCFXqFdYxPFGKR7Ikgzmmsg"},"_chains":{"BTcQH87nBfiRjUvglHRdJjOroagJEl2KRF1arw3LQPlw":{"chainKey":{"counter":0,"key":"kDAJIer2H8zPZ9lfXzuWAV+ZG0n2dandGMCfy/dhILg="},"chainType":1,"messageKeys":{}}},"pendingPreKey":{"signedKeyId":22,"baseKey":"BbPuH3I2vFIZ+8MFG1b71nx0o70s8orx6aHvyBJAKOJL","preKeyId":8052673}},"BZYKoL/+XfLKzoyaXR9XXD3Q/sOR6UwCMU8HUz0aMqwQ":{"registrationId":137402612,"currentRatchet":{"ephemeralKeyPair":{"pubKey":"BaHVNBRpn5iBm5AYSQEX36EcxlXtGQ+95BBXMOZ6foVR","privKey":"4CoraIHGq7i0Jb5wbZ2uf1q/MP1G3FnjstA0lREa8FE="},"lastRemoteEphemeralKey":"BUY0GfJXYTFNZUeMDOA1N6+qaqHDJFXQrjOeGUB09Skg","previousCounter":0,"rootKey":"jJ6A0NfzryV1/W6IIqSaGQ+84EuOnb4yIAU9QILpjTs="},"indexInfo":{"baseKey":"BZYKoL/+XfLKzoyaXR9XXD3Q/sOR6UwCMU8HUz0aMqwQ","baseKeyType":1,"closed":-1,"used":1690023615527,"created":1690023615527,"remoteIdentityKey":"BY/n5RWztRYUkxKbO+1aVVCFXqFdYxPFGKR7Ikgzmmsg"},"_chains":{"BaHVNBRpn5iBm5AYSQEX36EcxlXtGQ+95BBXMOZ6foVR":{"chainKey":{"counter":0,"key":"tgAhUYioyX/VYsnp7eq1/NZKC5q1xGXPtJBruz6B000="},"chainType":1,"messageKeys":{}}},"pendingPreKey":{"signedKeyId":22,"baseKey":"BZYKoL/+XfLKzoyaXR9XXD3Q/sOR6UwCMU8HUz0aMqwQ","preKeyId":8052486}}},"version":"v1"}