{"_sessions":{"BSIXQAnXFkwAcBfpihiJ9Aj/jLE66Tr+JPTpWgh+JOxw":{"registrationId":102530884,"currentRatchet":{"ephemeralKeyPair":{"pubKey":"BRCCUdDNDRQDj3cQyjnDHkKgMznF6w2rSibI2oVaC7ki","privKey":"mL2vjILvMCRt8rM8Wse34VrS0Q/iZGhoyUTQwKTpyks="},"lastRemoteEphemeralKey":"BUEDRgZjLLLuJbu50/C61yHuOskZGfssRxdeNo93LVBO","previousCounter":0,"rootKey":"hx2NLbgbB76LCT1O/b8HW3APhQz9b4OM/PaSDz3APt0="},"indexInfo":{"baseKey":"BSIXQAnXFkwAcBfpihiJ9Aj/jLE66Tr+JPTpWgh+JOxw","baseKeyType":1,"closed":1690023615570,"used":1690023614026,"created":1690023614026,"remoteIdentityKey":"BcsJ1L4U0Q6sBX5d/ihwH9RpvyHEMRYqmI90mluAjAcx"},"_chains":{"BRCCUdDNDRQDj3cQyjnDHkKgMznF6w2rSibI2oVaC7ki":{"chainKey":{"counter":0,"key":"kIB26POIkWvZRR/ePV5mQ5ex6zcwOoabZaM1emtBdBM="},"chainType":1,"messageKeys":{}}},"pendingPreKey":{"signedKeyId":10,"baseKey":"BSIXQAnXFkwAcBfpihiJ9Aj/jLE66Tr+JPTpWgh+JOxw","preKeyId":16484576}},"BZAm1oE9oart1CQE2OEPOs0AFkd+3fhDhf/tmFt7m1wB":{"registrationId":102530884,"currentRatchet":{"ephemeralKeyPair":{"pubKey":"BYRvj9yxaISij3LE6WSBPlhyRjBlfg8keX4wQRz4wGZS","privKey":"yM9prT62gdFHW8ff88QyKuVFE1zA7ADo/axdjjgyRFc="},"lastRemoteEphemeralKey":"BUEDRgZjLLLuJbu50/C61yHuOskZGfssRxdeNo93LVBO","previousCounter":0,"rootKey":"85brT3Y3CaokQ+A/rr6fty7OagZ/4hft1ATIevC9lOs="},"indexInfo":{"baseKey":"BZAm1oE9oart1CQE2OEPOs0AFkd+3fhDhf/tmFt7m1wB","baseKeyType":1,"closed":-1,"used":1690023615555,"created":1690023615555,"remoteIdentityKey":"BcsJ1L4U0Q6sBX5d/ihwH9RpvyHEMRYqmI90mluAjAcx"},"_chains":{"BYRvj9yxaISij3LE6WSBPlhyRjBlfg8keX4wQRz4wGZS":{"chainKey":{"counter":0,"key":"2rDlijhnlREcHV61zczbqQUYN3g7cjkqugWgTfDiIGo="},"chainType":1,"messageKeys":{}}},"pendingPreKey":{"signedKeyId":10,"baseKey":"BZAm1oE9oart1CQE2OEPOs0AFkd+3fhDhf/tmFt7m1wB","preKeyId":16484571}}},"version":"v1"}